-- phpMyAdmin SQL Dump
-- version 5.2.0
-- https://www.phpmyadmin.net/
--
-- Servidor: localhost:8889
-- Tiempo de generación: 02-08-2024 a las 21:47:15
-- Versión del servidor: 5.7.39
-- Versión de PHP: 8.2.0

SET SQL_MODE = "NO_AUTO_VALUE_ON_ZERO";
START TRANSACTION;
SET time_zone = "+00:00";


/*!40101 SET @OLD_CHARACTER_SET_CLIENT=@@CHARACTER_SET_CLIENT */;
/*!40101 SET @OLD_CHARACTER_SET_RESULTS=@@CHARACTER_SET_RESULTS */;
/*!40101 SET @OLD_COLLATION_CONNECTION=@@COLLATION_CONNECTION */;
/*!40101 SET NAMES utf8mb4 */;

--
-- Base de datos: `dbCampusAltamira`
--
CREATE DATABASE IF NOT EXISTS `dbCampusAltamira` DEFAULT CHARACTER SET utf8 COLLATE utf8_general_ci;
USE `dbCampusAltamira`;

-- --------------------------------------------------------

--
-- Estructura de tabla para la tabla `tbAlumno`
--

DROP TABLE IF EXISTS `tbAlumno`;
CREATE TABLE `tbAlumno` (
  `matricula` int(11) NOT NULL,
  `idCampus` int(11) DEFAULT NULL,
  `idCarrera` int(11) DEFAULT NULL,
  `nombreAlumno` varchar(20) DEFAULT NULL,
  `paterno` varchar(20) DEFAULT NULL,
  `materno` varchar(20) DEFAULT NULL,
  `fechaNac` date DEFAULT NULL,
  `correo` varchar(30) DEFAULT NULL,
  `genero` char(1) DEFAULT NULL
) ENGINE=InnoDB DEFAULT CHARSET=utf8;

--
-- Volcado de datos para la tabla `tbAlumno`
--

INSERT INTO `tbAlumno` (`matricula`, `idCampus`, `idCarrera`, `nombreAlumno`, `paterno`, `materno`, `fechaNac`, `correo`, `genero`) VALUES
(10001, 1, 101, 'Mercedes', 'Lopez', 'Gonzalez', '1993-04-25', 'mlopez@correo.com', 'F'),
(10002, 1, 101, 'Gonzalo', 'Balcazar', 'Trujillo', '1992-09-18', 'gbalcazar@correo.com', 'M'),
(10003, 1, 101, 'Jaime', 'Cardenas', 'Molina', '2000-04-10', 'jcardenas@correo.com', 'M'),
(10004, 1, 101, 'Fernando', 'Garcia', 'Garcia', '1996-08-05', 'fgarcia@correo.com', 'M'),
(10005, 1, 101, 'Jose Oswaldo', 'Delgado', 'Morales', '1991-11-02', 'jdelgado@correo.com', 'M'),
(10006, 1, 101, 'Marilu', 'Murillo', 'Aleman', '1990-07-19', 'mmurillo@correo.com', 'F'),
(10007, 1, 101, 'Humberto', 'Torres', 'Becerra', '1992-06-14', 'htorres@correo.com', 'M'),
(10008, 1, 101, 'Carlos', 'Cuevas', 'Diaz', '1994-06-11', 'ccuevas@correo.com', 'M'),
(10009, 1, 101, 'Silvia', 'Luna', 'Velez', '1997-11-08', 'sluna@correo.com', 'F'),
(10010, 1, 101, 'Enrique', 'Mendoza', 'Elizalde', '1992-12-12', 'emendoza@correo.com', 'M'),
(10011, 1, 102, 'Daniel', 'Santos', 'Cede', '1991-07-15', 'dcede?o@correo.com', 'M'),
(10012, 1, 102, 'Maria Jose', 'Navarro', 'Narvaez', '1995-08-15', 'mnavarro@correo.com', 'F'),
(10013, 1, 102, 'Monica', 'Guzman', 'Almeida', '1999-07-27', 'mguzman@correo.com', 'F'),
(10014, 1, 102, 'Hector', 'Perez', 'Tapia', '1992-06-08', 'hperez@correo.com', 'M'),
(10015, 1, 102, 'Patricia', 'Suarez', 'Salazar', '1993-06-06', 'psuarez@correo.com', 'F'),
(10016, 1, 102, 'Elena', 'Marquez', 'Flores', '1995-10-11', 'emarquez@correo.com', 'F'),
(10017, 1, 102, 'Mauricio', 'Zepeda', 'Ya', '1998-07-29', 'mzepeda@correo.com', 'M'),
(10018, 1, 102, 'Maria Fernanda', 'Castillo', 'Barragan', '2000-01-20', 'mcastillo@correo.com', 'F'),
(10019, 1, 102, 'Ivan', 'Mayoral', 'Anguiano', '1997-05-23', 'imayoral@correo.com', 'M'),
(10020, 1, 102, 'Victor Hugo', 'Galarza', 'Herrera', '1999-02-10', 'vgalarza@correo.com', 'M'),
(10021, 1, 201, 'Raquel', 'Montero', 'Lopez', '1994-06-10', 'rmontero@correo.com', 'F'),
(10022, 1, 201, 'Susana', 'Zapata', 'Cordova', '1996-10-11', 'szapata@correo.com', 'F'),
(10023, 1, 201, 'Gustavo', 'Andrade', 'Soto', '1999-08-30', 'gandrade@correo.com', 'M'),
(10024, 1, 201, 'Eleazar', 'Carrion', 'Pacheco', '1991-08-25', 'ecarrion@correo.com', 'M'),
(10025, 1, 201, 'Elizabeth', 'Montalvo', 'Iriarte', '1998-05-31', 'emontalvo@correo.com', 'F'),
(10026, 1, 201, 'Ruben', 'Veloz', 'Garcia', '1994-01-31', 'rveloz@correo.com', 'M'),
(10027, 1, 201, 'Mireya', 'Arechiga', 'Serrano', '1995-02-06', 'marechiga@correo.com', 'F'),
(10028, 1, 201, 'Diana', 'Garcia', 'Lopez', '2000-03-06', 'dgarcia@correo.com', 'F'),
(10029, 1, 201, 'Ernesto', 'Sanchez', 'Hernandez', '1990-09-01', 'esanchez@correo.com', 'M'),
(10030, 1, 201, 'Ramiro', 'Alvarado', 'Sierra', '1999-09-02', 'ralvarado@correo.com', 'M'),
(10031, 1, 202, 'Sebastian', 'Fernandez', 'Mendoza', '1992-03-06', 'sfernandez@correo.com', 'M'),
(10032, 1, 202, 'Monica', 'Torres', 'Sosa', '1993-07-03', 'mtorres@correo.com', 'F'),
(10033, 1, 202, 'Cecilia', 'Garcia', 'Diaz', '1999-01-10', 'cgarcia@correo.com', 'F'),
(10034, 1, 202, 'Silvia', 'Gomez', 'Romero', '1999-04-24', 'sgomez@correo.com', 'F'),
(10035, 1, 202, 'Juan', 'Sosa', 'Torres', '1993-08-20', 'jsosa@correo.com', 'M'),
(10036, 1, 202, 'Luis Alberto', 'Peralta', 'Arenas', '1999-12-03', 'lperalta@correo.com', 'M'),
(10037, 1, 202, 'Aurora', 'Cordova', 'Corona', '1999-04-22', 'acordova@correo.com', 'F'),
(10038, 1, 202, 'Nancy', 'Delgado', 'Gutierrez', '2000-08-11', 'ndelgado@correo.com', 'F'),
(10039, 1, 202, 'Yesenia', 'Tovar', 'Fernandez', '1996-07-18', 'ytovar@correo.com', 'F'),
(10040, 1, 202, 'Mario Alfredo', 'Ferreria', 'Rascon', '1997-04-07', 'mferreria@correo.com', 'M'),
(10041, 1, 301, 'Graciela', 'Fuentes', 'Estrada', '1994-03-22', 'gfuentes@correo.com', 'F'),
(10042, 1, 301, 'Jose Miguel', 'Garcia', 'Mancillas', '1991-04-22', 'jgarfcia@correo.com', 'M'),
(10043, 1, 301, 'Pedro', 'Gil', 'Vazquez', '1999-03-22', 'pgil@correo.com', 'M'),
(10044, 1, 301, 'Gustavo', 'Guadarrama', 'Campos', '1990-11-08', 'gguadarrama@correo.com', 'M'),
(10045, 1, 301, 'Griselda', 'Albarran', 'Hernandez', '1999-03-17', 'galbarran@correo.com', 'F'),
(10046, 1, 301, 'Fidencio', 'Ortiz', 'Cervantes', '2000-03-25', 'fortiz@correo.com', 'M'),
(10047, 1, 301, 'Georgina', 'Hurtado', 'Rios', '1992-08-12', 'ghurtado@correo.com', 'F'),
(10048, 1, 301, 'Carolina', 'Huerta', 'Cruz', '1993-04-21', 'chuerta@correo.com', 'F'),
(10049, 1, 301, 'Juan Carlos', 'Varela', 'Ramirez', '1998-02-07', 'jvarela@correo.com', 'M'),
(10050, 1, 301, 'Guadalupe', 'Serna', 'Alarcon', '1994-03-04', 'gserna@correo.com', 'M'),
(10051, 1, 501, 'Marlene', 'Velasco', 'Bravo', '1998-01-28', 'mvelasco@correo.com', 'F'),
(10052, 1, 501, 'Manuel', 'Camacho', 'Reyes', '1994-11-20', 'mcamacho@coreo.com', 'M'),
(10053, 1, 501, 'Luis', 'Gomez', 'Ramos', '1998-07-26', 'lgomez@correo.com', 'M'),
(10054, 1, 501, 'Oscar', 'Ruiz', 'Arce', '1991-02-28', 'oruiz@coreo.com', 'M'),
(10055, 1, 501, 'Sonia', 'JImenez', 'del Rio', '1995-03-07', 'sjimenez@coreo.com', 'F'),
(10056, 1, 501, 'Soledad', 'Lopez', 'Cano', '1998-06-03', 'slopez@coreo.com', 'F'),
(10057, 1, 501, 'Alfonso', 'Cuevas', 'Garrido', '1994-11-28', 'acuevas@coreo.com', 'M'),
(10058, 1, 501, 'Arturo', 'Carrazco', 'Ruiz', '2000-02-20', 'acarrazco@coreo.com', 'M'),
(10059, 1, 501, 'Aurora', 'Moreno', 'Encinas', '1995-11-28', 'amoreno@coreo.com', 'F'),
(10060, 1, 501, 'Esther', 'Cortez', 'Garcia', '2000-10-27', 'ecortez@coreo.com', 'F'),
(10061, 1, 502, 'Paula', 'Marquez', 'Lopez', '2000-07-16', 'pmarquez@coreo.com', 'F'),
(10062, 1, 502, 'MARGARITA', 'GARIBAY', 'MARQUEZ', '1990-01-16', 'mgaribay@coreo.com', 'F'),
(10063, 1, 502, 'Santos', 'Fernandez', 'Murillo', '1994-09-03', 'sfernandez@coreo.com', 'M'),
(10064, 1, 502, 'Felipe', 'Cruz', 'Reyes', '1992-07-26', 'fcruz@coreo.com', 'M'),
(10065, 1, 502, 'Fidel', 'Baltazar', 'Padilla', '2000-03-26', 'fbaltazar@coreo.com', 'M'),
(10066, 1, 502, 'Rocio', 'Vega', 'Armenta', '2000-06-18', 'rvega@coreo.com', 'F'),
(10067, 1, 502, 'Teresa', 'Rivera', 'Guevara', '1992-08-24', 'trivera@coreo.com', 'F'),
(10068, 1, 502, 'Hermelinda', 'Carranza', 'Coronel', '1997-10-06', 'hcarranza@coreo.com', 'F'),
(10069, 1, 502, 'Tomas', 'Carbajal', 'Ruiz', '2000-06-07', 'tcarbajal@coreo.com', 'M'),
(10070, 1, 502, 'Carlos', 'Ortiz', 'Grijalva', '1991-08-10', 'cortiz@coreo.com', 'M'),
(10072, 1, 202, 'Juan', 'Martinez', 'Perez', '1989-10-10', 'jmartinez@udetijuana.edu.mx', 'M'),
(10073, 1, 202, 'Isael', 'Flores', 'Flores', '1986-08-12', 'pauflores@udetijuana.edu.mx', 'H'),
(10074, 1, 202, 'Israel', 'Flores', 'Flores', '1986-08-12', 'pauflores@udetijuana.edu.mx', 'H'),
(10076, 1, 202, 'Jesus', 'Martinez', 'Ramirez', '1990-02-19', 'Jmartinez@udetijuana.edu.mx', 'M');

-- --------------------------------------------------------

--
-- Estructura de tabla para la tabla `tbCalificacion`
--

DROP TABLE IF EXISTS `tbCalificacion`;
CREATE TABLE `tbCalificacion` (
  `matricula` int(11) DEFAULT NULL,
  `idMateria` int(11) DEFAULT NULL,
  `calificacion` int(11) DEFAULT NULL
) ENGINE=InnoDB DEFAULT CHARSET=utf8;

--
-- Volcado de datos para la tabla `tbCalificacion`
--

INSERT INTO `tbCalificacion` (`matricula`, `idMateria`, `calificacion`) VALUES
(10001, 1, 9),
(10001, 2, 6),
(10001, 3, 7),
(10001, 4, 7),
(10001, 5, 9),
(10001, 6, 8),
(10001, 7, 5),
(10001, 8, 6),
(10001, 9, 9),
(10001, 10, 6),
(10001, 11, 5),
(10001, 12, 6),
(10001, 13, 5),
(10001, 14, 7),
(10001, 15, 5),
(10002, 1, 6),
(10002, 2, 5),
(10002, 3, 10),
(10002, 4, 6),
(10002, 5, 7),
(10002, 6, 9),
(10002, 7, 10),
(10002, 8, 7),
(10002, 9, 9),
(10002, 10, 5),
(10002, 11, 7),
(10002, 12, 9),
(10002, 13, 7),
(10002, 14, 8),
(10002, 15, 6),
(10003, 1, 5),
(10003, 2, 5),
(10003, 3, 8),
(10003, 4, 5),
(10003, 5, 6),
(10003, 6, 7),
(10003, 7, 7),
(10003, 8, 7),
(10003, 9, 10),
(10003, 10, 6),
(10003, 11, 5),
(10003, 12, 6),
(10003, 13, 8),
(10003, 14, 9),
(10003, 15, 10),
(10004, 1, 10),
(10004, 2, 7),
(10004, 3, 9),
(10004, 4, 8),
(10004, 5, 5),
(10004, 6, 5),
(10004, 7, 9),
(10004, 8, 6),
(10004, 9, 7),
(10004, 10, 5),
(10004, 11, 10),
(10004, 12, 6),
(10004, 13, 5),
(10004, 14, 9),
(10004, 15, 6),
(10005, 1, 9),
(10005, 2, 8),
(10005, 3, 7),
(10005, 4, 6),
(10005, 5, 6),
(10005, 6, 9),
(10005, 7, 9),
(10005, 8, 5),
(10005, 9, 8),
(10005, 10, 8),
(10005, 11, 10),
(10005, 12, 7),
(10005, 13, 9),
(10005, 14, 8),
(10005, 15, 5),
(10006, 1, 8),
(10006, 2, 6),
(10006, 3, 10),
(10006, 4, 7),
(10006, 5, 8),
(10006, 6, 6),
(10006, 7, 7),
(10006, 8, 5),
(10006, 9, 8),
(10006, 10, 7),
(10006, 11, 5),
(10006, 12, 5),
(10006, 13, 10),
(10006, 14, 5),
(10006, 15, 5),
(10007, 1, 7),
(10007, 2, 10),
(10007, 3, 6),
(10007, 4, 6),
(10007, 5, 9),
(10007, 6, 10),
(10007, 7, 8),
(10007, 8, 5),
(10007, 9, 6),
(10007, 10, 8),
(10007, 11, 6),
(10007, 12, 7),
(10007, 13, 5),
(10007, 14, 10),
(10007, 15, 9),
(10008, 1, 9),
(10008, 2, 8),
(10008, 3, 5),
(10008, 4, 7),
(10008, 5, 7),
(10008, 6, 9),
(10008, 7, 9),
(10008, 8, 5),
(10008, 9, 6),
(10008, 10, 6),
(10008, 11, 8),
(10008, 12, 5),
(10008, 13, 6),
(10008, 14, 9),
(10008, 15, 5),
(10009, 1, 7),
(10009, 2, 8),
(10009, 3, 6),
(10009, 4, 7),
(10009, 5, 7),
(10009, 6, 10),
(10009, 7, 10),
(10009, 8, 9),
(10009, 9, 7),
(10009, 10, 9),
(10009, 11, 10),
(10009, 12, 8),
(10009, 13, 8),
(10009, 14, 9),
(10009, 15, 9),
(10010, 1, 6),
(10010, 2, 9),
(10010, 3, 6),
(10010, 4, 5),
(10010, 5, 7),
(10010, 6, 5),
(10010, 7, 6),
(10010, 8, 10),
(10010, 9, 5),
(10010, 10, 9),
(10010, 11, 10),
(10010, 12, 6),
(10010, 13, 8),
(10010, 14, 9),
(10010, 15, 8),
(10011, 16, 8),
(10011, 17, 6),
(10011, 18, 6),
(10011, 19, 10),
(10011, 20, 8),
(10011, 21, 8),
(10011, 22, 6),
(10011, 23, 5),
(10011, 24, 9),
(10011, 25, 10),
(10011, 26, 10),
(10011, 27, 9),
(10011, 28, 8),
(10011, 29, 5),
(10011, 30, 8),
(10012, 16, 5),
(10012, 17, 6),
(10012, 18, 7),
(10012, 19, 9),
(10012, 20, 5),
(10012, 21, 5),
(10012, 22, 9),
(10012, 23, 6),
(10012, 24, 9),
(10012, 25, 7),
(10012, 26, 7),
(10012, 27, 10),
(10012, 28, 6),
(10012, 29, 10),
(10012, 30, 8),
(10013, 16, 8),
(10013, 17, 7),
(10013, 18, 5),
(10013, 19, 8),
(10013, 20, 7),
(10013, 21, 8),
(10013, 22, 9),
(10013, 23, 7),
(10013, 24, 7),
(10013, 25, 7),
(10013, 26, 10),
(10013, 27, 7),
(10013, 28, 5),
(10013, 29, 6),
(10013, 30, 7),
(10014, 16, 7),
(10014, 17, 8),
(10014, 18, 9),
(10014, 19, 5),
(10014, 20, 7),
(10014, 21, 5),
(10014, 22, 5),
(10014, 23, 8),
(10014, 24, 9),
(10014, 25, 10),
(10014, 26, 6),
(10014, 27, 6),
(10014, 28, 5),
(10014, 29, 10),
(10014, 30, 10),
(10015, 16, 8),
(10015, 17, 5),
(10015, 18, 5),
(10015, 19, 9),
(10015, 20, 8),
(10015, 21, 9),
(10015, 22, 5),
(10015, 23, 6),
(10015, 24, 8),
(10015, 25, 8),
(10015, 26, 10),
(10015, 27, 8),
(10015, 28, 6),
(10015, 29, 6),
(10015, 30, 5),
(10016, 16, 8),
(10016, 17, 10),
(10016, 18, 8),
(10016, 19, 9),
(10016, 20, 6),
(10016, 21, 5),
(10016, 22, 8),
(10016, 23, 8),
(10016, 24, 5),
(10016, 25, 9),
(10016, 26, 8),
(10016, 27, 9),
(10016, 28, 10),
(10016, 29, 9),
(10016, 30, 8),
(10017, 16, 10),
(10017, 17, 8),
(10017, 18, 7),
(10017, 19, 8),
(10017, 20, 7),
(10017, 21, 8),
(10017, 22, 5),
(10017, 23, 6),
(10017, 24, 5),
(10017, 25, 8),
(10017, 26, 5),
(10017, 27, 10),
(10017, 28, 6),
(10017, 29, 7),
(10017, 30, 5),
(10018, 16, 5),
(10018, 17, 7),
(10018, 18, 7),
(10018, 19, 10),
(10018, 20, 5),
(10018, 21, 9),
(10018, 22, 7),
(10018, 23, 8),
(10018, 24, 8),
(10018, 25, 8),
(10018, 26, 5),
(10018, 27, 10),
(10018, 28, 10),
(10018, 29, 5),
(10018, 30, 5),
(10019, 16, 8),
(10019, 17, 5),
(10019, 18, 6),
(10019, 19, 7),
(10019, 20, 6),
(10019, 21, 9),
(10019, 22, 10),
(10019, 23, 10),
(10019, 24, 5),
(10019, 25, 8),
(10019, 26, 5),
(10019, 27, 6),
(10019, 28, 6),
(10019, 29, 5),
(10019, 30, 10),
(10020, 16, 10),
(10020, 17, 8),
(10020, 18, 6),
(10020, 19, 5),
(10020, 20, 8),
(10020, 21, 9),
(10020, 22, 9),
(10020, 23, 6),
(10020, 24, 9),
(10020, 25, 5),
(10020, 26, 6),
(10020, 27, 8),
(10020, 28, 6),
(10020, 29, 7),
(10020, 30, 5),
(10021, 31, 8),
(10021, 32, 8),
(10021, 33, 5),
(10021, 34, 8),
(10021, 35, 10),
(10021, 36, 10),
(10021, 37, 5),
(10021, 38, 7),
(10021, 39, 5),
(10021, 40, 10),
(10021, 41, 8),
(10021, 42, 5),
(10021, 43, 7),
(10021, 44, 8),
(10021, 45, 10),
(10022, 31, 7),
(10022, 32, 10),
(10022, 33, 6),
(10022, 34, 9),
(10022, 35, 9),
(10022, 36, 7),
(10022, 37, 6),
(10022, 38, 9),
(10022, 39, 8),
(10022, 40, 7),
(10022, 41, 6),
(10022, 42, 10),
(10022, 43, 10),
(10022, 44, 8),
(10022, 45, 7),
(10023, 31, 10),
(10023, 32, 9),
(10023, 33, 5),
(10023, 34, 9),
(10023, 35, 7),
(10023, 36, 6),
(10023, 37, 8),
(10023, 38, 8),
(10023, 39, 9),
(10023, 40, 10),
(10023, 41, 7),
(10023, 42, 6),
(10023, 43, 7),
(10023, 44, 10),
(10023, 45, 7),
(10024, 31, 8),
(10024, 32, 5),
(10024, 33, 7),
(10024, 34, 10),
(10024, 35, 10),
(10024, 36, 9),
(10024, 37, 10),
(10024, 38, 9),
(10024, 39, 10),
(10024, 40, 5),
(10024, 41, 10),
(10024, 42, 5),
(10024, 43, 8),
(10024, 44, 7),
(10024, 45, 7),
(10025, 31, 10),
(10025, 32, 5),
(10025, 33, 10),
(10025, 34, 10),
(10025, 35, 5),
(10025, 36, 8),
(10025, 37, 5),
(10025, 38, 7),
(10025, 39, 7),
(10025, 40, 7),
(10025, 41, 10),
(10025, 42, 8),
(10025, 43, 6),
(10025, 44, 6),
(10025, 45, 8),
(10026, 31, 7),
(10026, 32, 9),
(10026, 33, 9),
(10026, 34, 5),
(10026, 35, 6),
(10026, 36, 5),
(10026, 37, 9),
(10026, 38, 7),
(10026, 39, 10),
(10026, 40, 5),
(10026, 41, 7),
(10026, 42, 8),
(10026, 43, 8),
(10026, 44, 9),
(10026, 45, 10),
(10027, 31, 10),
(10027, 32, 8),
(10027, 33, 8),
(10027, 34, 10),
(10027, 35, 8),
(10027, 36, 9),
(10027, 37, 5),
(10027, 38, 9),
(10027, 39, 7),
(10027, 40, 6),
(10027, 41, 6),
(10027, 42, 5),
(10027, 43, 10),
(10027, 44, 8),
(10027, 45, 6),
(10028, 31, 9),
(10028, 32, 10),
(10028, 33, 8),
(10028, 34, 10),
(10028, 35, 8),
(10028, 36, 7),
(10028, 37, 6),
(10028, 38, 8),
(10028, 39, 7),
(10028, 40, 10),
(10028, 41, 6),
(10028, 42, 10),
(10028, 43, 6),
(10028, 44, 6),
(10028, 45, 10),
(10029, 31, 6),
(10029, 32, 6),
(10029, 33, 5),
(10029, 34, 8),
(10029, 35, 5),
(10029, 36, 10),
(10029, 37, 7),
(10029, 38, 9),
(10029, 39, 9),
(10029, 40, 8),
(10029, 41, 7),
(10029, 42, 6),
(10029, 43, 5),
(10029, 44, 8),
(10029, 45, 6),
(10030, 31, 9),
(10030, 32, 6),
(10030, 33, 8),
(10030, 34, 9),
(10030, 35, 8),
(10030, 36, 7),
(10030, 37, 5),
(10030, 38, 10),
(10030, 39, 5),
(10030, 40, 8),
(10030, 41, 8),
(10030, 42, 10),
(10030, 43, 7),
(10030, 44, 8),
(10030, 45, 5),
(10031, 46, 9),
(10031, 47, 10),
(10031, 48, 7),
(10031, 49, 7),
(10031, 50, 5),
(10031, 51, 5),
(10031, 52, 8),
(10031, 53, 9),
(10031, 54, 5),
(10031, 55, 9),
(10031, 56, 6),
(10031, 57, 5),
(10031, 58, 10),
(10031, 59, 6),
(10031, 60, 7),
(10032, 46, 8),
(10032, 47, 9),
(10032, 48, 8),
(10032, 49, 9),
(10032, 50, 7),
(10032, 51, 9),
(10032, 52, 9),
(10032, 53, 5),
(10032, 54, 7),
(10032, 55, 8),
(10032, 56, 8),
(10032, 57, 10),
(10032, 58, 8),
(10032, 59, 5),
(10032, 60, 8),
(10033, 46, 6),
(10033, 47, 9),
(10033, 48, 8),
(10033, 49, 7),
(10033, 50, 10),
(10033, 51, 9),
(10033, 52, 8),
(10033, 53, 6),
(10033, 54, 6),
(10033, 55, 7),
(10033, 56, 8),
(10033, 57, 9),
(10033, 58, 9),
(10033, 59, 9),
(10033, 60, 9),
(10034, 46, 6),
(10034, 47, 7),
(10034, 48, 6),
(10034, 49, 6),
(10034, 50, 7),
(10034, 51, 9),
(10034, 52, 6),
(10034, 53, 8),
(10034, 54, 9),
(10034, 55, 7),
(10034, 56, 5),
(10034, 57, 5),
(10034, 58, 6),
(10034, 59, 10),
(10034, 60, 10),
(10035, 46, 7),
(10035, 47, 9),
(10035, 48, 5),
(10035, 49, 5),
(10035, 50, 7),
(10035, 51, 5),
(10035, 52, 8),
(10035, 53, 7),
(10035, 54, 9),
(10035, 55, 6),
(10035, 56, 9),
(10035, 57, 10),
(10035, 58, 7),
(10035, 59, 7),
(10035, 60, 5),
(10036, 46, 9),
(10036, 47, 10),
(10036, 48, 8),
(10036, 49, 6),
(10036, 50, 9),
(10036, 51, 6),
(10036, 52, 7),
(10036, 53, 7),
(10036, 54, 9),
(10036, 55, 10),
(10036, 56, 10),
(10036, 57, 10),
(10036, 58, 10),
(10036, 59, 8),
(10036, 60, 10),
(10037, 46, 6),
(10037, 47, 5),
(10037, 48, 6),
(10037, 49, 7),
(10037, 50, 5),
(10037, 51, 8),
(10037, 52, 8),
(10037, 53, 9),
(10037, 54, 5),
(10037, 55, 5),
(10037, 56, 7),
(10037, 57, 8),
(10037, 58, 5),
(10037, 59, 10),
(10037, 60, 6),
(10038, 46, 9),
(10038, 47, 8),
(10038, 48, 8),
(10038, 49, 10),
(10038, 50, 7),
(10038, 51, 8),
(10038, 52, 5),
(10038, 53, 6),
(10038, 54, 10),
(10038, 55, 10),
(10038, 56, 7),
(10038, 57, 9),
(10038, 58, 10),
(10038, 59, 5),
(10038, 60, 9),
(10039, 46, 6),
(10039, 47, 8),
(10039, 48, 6),
(10039, 49, 5),
(10039, 50, 7),
(10039, 51, 7),
(10039, 52, 8),
(10039, 53, 9),
(10039, 54, 9),
(10039, 55, 6),
(10039, 56, 9),
(10039, 57, 10),
(10039, 58, 8),
(10039, 59, 7),
(10039, 60, 9),
(10040, 46, 8),
(10040, 47, 7),
(10040, 48, 9),
(10040, 49, 5),
(10040, 50, 6),
(10040, 51, 9),
(10040, 52, 9),
(10040, 53, 6),
(10040, 54, 7),
(10040, 55, 10),
(10040, 56, 5),
(10040, 57, 9),
(10040, 58, 7),
(10040, 59, 9),
(10040, 60, 5),
(10041, 61, 8),
(10041, 62, 8),
(10041, 63, 9),
(10041, 64, 9),
(10041, 65, 10),
(10041, 66, 7),
(10041, 67, 6),
(10041, 68, 6),
(10041, 69, 9),
(10041, 70, 8),
(10041, 71, 9),
(10041, 72, 10),
(10041, 73, 9),
(10041, 74, 6),
(10041, 75, 8),
(10042, 61, 5),
(10042, 62, 8),
(10042, 63, 6),
(10042, 64, 5),
(10042, 65, 9),
(10042, 66, 6),
(10042, 67, 9),
(10042, 68, 10),
(10042, 69, 7),
(10042, 70, 6),
(10042, 71, 10),
(10042, 72, 9),
(10042, 73, 5),
(10042, 74, 9),
(10042, 75, 6),
(10043, 61, 5),
(10043, 62, 9),
(10043, 63, 9),
(10043, 64, 7),
(10043, 65, 10),
(10043, 66, 8),
(10043, 67, 9),
(10043, 68, 8),
(10043, 69, 10),
(10043, 70, 6),
(10043, 71, 6),
(10043, 72, 10),
(10043, 73, 6),
(10043, 74, 7),
(10043, 75, 5),
(10044, 61, 10),
(10044, 62, 10),
(10044, 63, 8),
(10044, 64, 7),
(10044, 65, 8),
(10044, 66, 10),
(10044, 67, 6),
(10044, 68, 6),
(10044, 69, 9),
(10044, 70, 6),
(10044, 71, 10),
(10044, 72, 7),
(10044, 73, 8),
(10044, 74, 10),
(10044, 75, 6),
(10045, 61, 9),
(10045, 62, 10),
(10045, 63, 10),
(10045, 64, 5),
(10045, 65, 9),
(10045, 66, 10),
(10045, 67, 6),
(10045, 68, 6),
(10045, 69, 6),
(10045, 70, 7),
(10045, 71, 10),
(10045, 72, 9),
(10045, 73, 7),
(10045, 74, 8),
(10045, 75, 5),
(10046, 61, 7),
(10046, 62, 7),
(10046, 63, 9),
(10046, 64, 9),
(10046, 65, 7),
(10046, 66, 6),
(10046, 67, 7),
(10046, 68, 8),
(10046, 69, 5),
(10046, 70, 5),
(10046, 71, 7),
(10046, 72, 7),
(10046, 73, 7),
(10046, 74, 8),
(10046, 75, 7),
(10047, 61, 7),
(10047, 62, 6),
(10047, 63, 5),
(10047, 64, 6),
(10047, 65, 9),
(10047, 66, 6),
(10047, 67, 8),
(10047, 68, 7),
(10047, 69, 5),
(10047, 70, 9),
(10047, 71, 5),
(10047, 72, 9),
(10047, 73, 5),
(10047, 74, 8),
(10047, 75, 8),
(10048, 61, 7),
(10048, 62, 6),
(10048, 63, 5),
(10048, 64, 9),
(10048, 65, 7),
(10048, 66, 8),
(10048, 67, 6),
(10048, 68, 7),
(10048, 69, 10),
(10048, 70, 8),
(10048, 71, 7),
(10048, 72, 5),
(10048, 73, 9),
(10048, 74, 7),
(10048, 75, 6),
(10049, 61, 7),
(10049, 62, 7),
(10049, 63, 7),
(10049, 64, 9),
(10049, 65, 6),
(10049, 66, 8),
(10049, 67, 8),
(10049, 68, 8),
(10049, 69, 5),
(10049, 70, 5),
(10049, 71, 6),
(10049, 72, 6),
(10049, 73, 5),
(10049, 74, 7),
(10049, 75, 9),
(10050, 61, 10),
(10050, 62, 6),
(10050, 63, 10),
(10050, 64, 6),
(10050, 65, 10),
(10050, 66, 8),
(10050, 67, 9),
(10050, 68, 5),
(10050, 69, 5),
(10050, 70, 8),
(10050, 71, 8),
(10050, 72, 6),
(10050, 73, 10),
(10050, 74, 8),
(10050, 75, 7),
(10051, 121, 8),
(10051, 122, 8),
(10051, 123, 6),
(10051, 124, 6),
(10051, 125, 5),
(10051, 126, 7),
(10051, 127, 5),
(10051, 128, 9),
(10051, 129, 6),
(10051, 130, 8),
(10051, 131, 8),
(10051, 132, 7),
(10051, 133, 8),
(10051, 134, 9),
(10051, 135, 7),
(10052, 121, 9),
(10052, 122, 8),
(10052, 123, 5),
(10052, 124, 5),
(10052, 125, 10),
(10052, 126, 5),
(10052, 127, 10),
(10052, 128, 7),
(10052, 129, 8),
(10052, 130, 8),
(10052, 131, 5),
(10052, 132, 7),
(10052, 133, 10),
(10052, 134, 5),
(10052, 135, 10),
(10053, 121, 8),
(10053, 122, 6),
(10053, 123, 7),
(10053, 124, 5),
(10053, 125, 10),
(10053, 126, 5),
(10053, 127, 9),
(10053, 128, 8),
(10053, 129, 6),
(10053, 130, 6),
(10053, 131, 9),
(10053, 132, 6),
(10053, 133, 7),
(10053, 134, 5),
(10053, 135, 9),
(10054, 121, 8),
(10054, 122, 5),
(10054, 123, 7),
(10054, 124, 10),
(10054, 125, 9),
(10054, 126, 10),
(10054, 127, 6),
(10054, 128, 8),
(10054, 129, 6),
(10054, 130, 5),
(10054, 131, 9),
(10054, 132, 5),
(10054, 133, 10),
(10054, 134, 9),
(10054, 135, 9),
(10055, 121, 8),
(10055, 122, 5),
(10055, 123, 5),
(10055, 124, 7),
(10055, 125, 8),
(10055, 126, 9),
(10055, 127, 10),
(10055, 128, 5),
(10055, 129, 6),
(10055, 130, 6),
(10055, 131, 8),
(10055, 132, 7),
(10055, 133, 10),
(10055, 134, 5),
(10055, 135, 5),
(10056, 121, 9),
(10056, 122, 5),
(10056, 123, 9),
(10056, 124, 6),
(10056, 125, 9),
(10056, 126, 7),
(10056, 127, 6),
(10056, 128, 7),
(10056, 129, 10),
(10056, 130, 8),
(10056, 131, 5),
(10056, 132, 7),
(10056, 133, 10),
(10056, 134, 8),
(10056, 135, 10),
(10057, 121, 10),
(10057, 122, 6),
(10057, 123, 9),
(10057, 124, 8),
(10057, 125, 7),
(10057, 126, 9),
(10057, 127, 10),
(10057, 128, 5),
(10057, 129, 6),
(10057, 130, 5),
(10057, 131, 10),
(10057, 132, 5),
(10057, 133, 9),
(10057, 134, 5),
(10057, 135, 8),
(10058, 121, 5),
(10058, 122, 9),
(10058, 123, 7),
(10058, 124, 5),
(10058, 125, 5),
(10058, 126, 8),
(10058, 127, 9),
(10058, 128, 10),
(10058, 129, 9),
(10058, 130, 7),
(10058, 131, 5),
(10058, 132, 6),
(10058, 133, 6),
(10058, 134, 7),
(10058, 135, 5),
(10059, 121, 6),
(10059, 122, 10),
(10059, 123, 8),
(10059, 124, 5),
(10059, 125, 8),
(10059, 126, 7),
(10059, 127, 7),
(10059, 128, 9),
(10059, 129, 9),
(10059, 130, 10),
(10059, 131, 9),
(10059, 132, 9),
(10059, 133, 7),
(10059, 134, 6),
(10059, 135, 10),
(10060, 121, 8),
(10060, 122, 7),
(10060, 123, 5),
(10060, 124, 6),
(10060, 125, 9),
(10060, 126, 5),
(10060, 127, 5),
(10060, 128, 9),
(10060, 129, 8),
(10060, 130, 5),
(10060, 131, 7),
(10060, 132, 6),
(10060, 133, 10),
(10060, 134, 6),
(10060, 135, 8),
(10061, 136, 9),
(10061, 137, 5),
(10061, 138, 10),
(10061, 139, 9),
(10061, 140, 5),
(10061, 141, 6),
(10061, 142, 6),
(10061, 143, 8),
(10061, 144, 9),
(10061, 145, 8),
(10061, 146, 10),
(10061, 147, 8),
(10061, 148, 9),
(10061, 149, 8),
(10061, 150, 7),
(10062, 136, 9),
(10062, 137, 6),
(10062, 138, 7),
(10062, 139, 7),
(10062, 140, 9),
(10062, 141, 8),
(10062, 142, 5),
(10062, 143, 6),
(10062, 144, 9),
(10062, 145, 6),
(10062, 146, 5),
(10062, 147, 6),
(10062, 148, 5),
(10062, 149, 7),
(10062, 150, 5),
(10063, 136, 6),
(10063, 137, 5),
(10063, 138, 10),
(10063, 139, 6),
(10063, 140, 7),
(10063, 141, 9),
(10063, 142, 10),
(10063, 143, 7),
(10063, 144, 9),
(10063, 145, 5),
(10063, 146, 7),
(10063, 147, 9),
(10063, 148, 7),
(10063, 149, 8),
(10063, 150, 6),
(10064, 136, 5),
(10064, 137, 5),
(10064, 138, 8),
(10064, 139, 5),
(10064, 140, 6),
(10064, 141, 7),
(10064, 142, 7),
(10064, 143, 7),
(10064, 144, 10),
(10064, 145, 6),
(10064, 146, 5),
(10064, 147, 6),
(10064, 148, 8),
(10064, 149, 9),
(10064, 150, 10),
(10065, 136, 10),
(10065, 137, 7),
(10065, 138, 9),
(10065, 139, 8),
(10065, 140, 5),
(10065, 141, 5),
(10065, 142, 9),
(10065, 143, 6),
(10065, 144, 7),
(10065, 145, 5),
(10065, 146, 10),
(10065, 147, 6),
(10065, 148, 5),
(10065, 149, 9),
(10065, 150, 6),
(10066, 136, 9),
(10066, 137, 8),
(10066, 138, 7),
(10066, 139, 6),
(10066, 140, 6),
(10066, 141, 9),
(10066, 142, 9),
(10066, 143, 5),
(10066, 144, 8),
(10066, 145, 8),
(10066, 146, 10),
(10066, 147, 7),
(10066, 148, 9),
(10066, 149, 8),
(10066, 150, 5),
(10067, 136, 8),
(10067, 137, 6),
(10067, 138, 10),
(10067, 139, 7),
(10067, 140, 8),
(10067, 141, 6),
(10067, 142, 7),
(10067, 143, 5),
(10067, 144, 8),
(10067, 145, 7),
(10067, 146, 5),
(10067, 147, 5),
(10067, 148, 10),
(10067, 149, 5),
(10067, 150, 5),
(10068, 136, 7),
(10068, 137, 10),
(10068, 138, 6),
(10068, 139, 6),
(10068, 140, 9),
(10068, 141, 10),
(10068, 142, 8),
(10068, 143, 5),
(10068, 144, 6),
(10068, 145, 8),
(10068, 146, 6),
(10068, 147, 7),
(10068, 148, 5),
(10068, 149, 10),
(10068, 150, 9),
(10069, 136, 9),
(10069, 137, 8),
(10069, 138, 5),
(10069, 139, 7),
(10069, 140, 7),
(10069, 141, 9),
(10069, 142, 9),
(10069, 143, 5),
(10069, 144, 6),
(10069, 145, 6),
(10069, 146, 8),
(10069, 147, 5),
(10069, 148, 6),
(10069, 149, 9),
(10069, 150, 5),
(10070, 136, 7),
(10070, 137, 8),
(10070, 138, 6),
(10070, 139, 7),
(10070, 140, 7),
(10070, 141, 10),
(10070, 142, 10),
(10070, 143, 9),
(10070, 144, 7),
(10070, 145, 9),
(10070, 146, 10),
(10070, 147, 8),
(10070, 148, 8),
(10070, 149, 9),
(10070, 150, 9),
(10072, 46, NULL),
(10072, 47, NULL),
(10072, 48, NULL),
(10072, 49, NULL),
(10072, 50, NULL),
(10072, 51, NULL),
(10072, 52, NULL),
(10072, 53, NULL),
(10072, 54, NULL),
(10072, 55, NULL),
(10072, 56, NULL),
(10072, 57, NULL),
(10072, 58, NULL),
(10072, 59, NULL),
(10072, 60, NULL),
(10072, 46, NULL),
(10072, 47, NULL),
(10072, 48, NULL),
(10072, 49, NULL),
(10072, 50, NULL),
(10072, 51, NULL),
(10072, 52, NULL),
(10072, 53, NULL),
(10072, 54, NULL),
(10072, 55, NULL),
(10072, 56, NULL),
(10072, 57, NULL),
(10072, 58, NULL),
(10072, 59, NULL),
(10072, 60, NULL),
(NULL, NULL, NULL),
(10074, 46, NULL),
(10074, 47, NULL),
(10074, 48, NULL),
(10074, 49, NULL),
(10074, 50, NULL),
(10074, 51, NULL),
(10074, 52, NULL),
(10074, 53, NULL),
(10074, 54, NULL),
(10074, 55, NULL),
(10074, 56, NULL),
(10074, 57, NULL),
(10074, 58, NULL),
(10074, 59, NULL),
(10074, 60, NULL),
(10074, 46, NULL),
(10074, 47, NULL),
(10074, 48, NULL),
(10074, 49, NULL),
(10074, 50, NULL),
(10074, 51, NULL),
(10074, 52, NULL),
(10074, 53, NULL),
(10074, 54, NULL),
(10074, 55, NULL),
(10074, 56, NULL),
(10074, 57, NULL),
(10074, 58, NULL),
(10074, 59, NULL),
(10074, 60, NULL),
(10076, 46, NULL),
(10076, 47, NULL),
(10076, 48, NULL),
(10076, 49, NULL),
(10076, 50, NULL),
(10076, 51, NULL),
(10076, 52, NULL),
(10076, 53, NULL),
(10076, 54, NULL),
(10076, 55, NULL),
(10076, 56, NULL),
(10076, 57, NULL),
(10076, 58, NULL),
(10076, 59, NULL),
(10076, 60, NULL),
(10076, 46, NULL),
(10076, 47, NULL),
(10076, 48, NULL),
(10076, 49, NULL),
(10076, 50, NULL),
(10076, 51, NULL),
(10076, 52, NULL),
(10076, 53, NULL),
(10076, 54, NULL),
(10076, 55, NULL),
(10076, 56, NULL),
(10076, 57, NULL),
(10076, 58, NULL),
(10076, 59, NULL),
(10076, 60, NULL),
(10076, 46, NULL),
(10076, 47, NULL),
(10076, 48, NULL),
(10076, 49, NULL),
(10076, 50, NULL),
(10076, 51, NULL),
(10076, 52, NULL),
(10076, 53, NULL),
(10076, 54, NULL),
(10076, 55, NULL),
(10076, 56, NULL),
(10076, 57, NULL),
(10076, 58, NULL),
(10076, 59, NULL),
(10076, 60, NULL),
(10076, 46, NULL),
(10076, 47, NULL),
(10076, 48, NULL),
(10076, 49, NULL),
(10076, 50, NULL),
(10076, 51, NULL),
(10076, 52, NULL),
(10076, 53, NULL),
(10076, 54, NULL),
(10076, 55, NULL),
(10076, 56, NULL),
(10076, 57, NULL),
(10076, 58, NULL),
(10076, 59, NULL),
(10076, 60, NULL),
(10076, 46, NULL),
(10076, 47, NULL),
(10076, 48, NULL),
(10076, 49, NULL),
(10076, 50, NULL),
(10076, 51, NULL),
(10076, 52, NULL),
(10076, 53, NULL),
(10076, 54, NULL),
(10076, 55, NULL),
(10076, 56, NULL),
(10076, 57, NULL),
(10076, 58, NULL),
(10076, 59, NULL),
(10076, 60, NULL),
(10076, 46, NULL),
(10076, 47, NULL),
(10076, 48, NULL),
(10076, 49, NULL),
(10076, 50, NULL),
(10076, 51, NULL),
(10076, 52, NULL),
(10076, 53, NULL),
(10076, 54, NULL),
(10076, 55, NULL),
(10076, 56, NULL),
(10076, 57, NULL),
(10076, 58, NULL),
(10076, 59, NULL),
(10076, 60, NULL),
(10076, 46, NULL),
(10076, 47, NULL),
(10076, 48, NULL),
(10076, 49, NULL),
(10076, 50, NULL),
(10076, 51, NULL),
(10076, 52, NULL),
(10076, 53, NULL),
(10076, 54, NULL),
(10076, 55, NULL),
(10076, 56, NULL),
(10076, 57, NULL),
(10076, 58, NULL),
(10076, 59, NULL),
(10076, 60, NULL),
(10076, 46, NULL),
(10076, 47, NULL),
(10076, 48, NULL),
(10076, 49, NULL),
(10076, 50, NULL),
(10076, 51, NULL),
(10076, 52, NULL),
(10076, 53, NULL),
(10076, 54, NULL),
(10076, 55, NULL),
(10076, 56, NULL),
(10076, 57, NULL),
(10076, 58, NULL),
(10076, 59, NULL),
(10076, 60, NULL);

-- --------------------------------------------------------

--
-- Estructura de tabla para la tabla `tbCampus`
--

DROP TABLE IF EXISTS `tbCampus`;
CREATE TABLE `tbCampus` (
  `idCampus` int(11) NOT NULL,
  `nombreCampus` varchar(30) DEFAULT NULL
) ENGINE=InnoDB DEFAULT CHARSET=utf8;

--
-- Volcado de datos para la tabla `tbCampus`
--

INSERT INTO `tbCampus` (`idCampus`, `nombreCampus`) VALUES
(1, 'Altamira'),
(2, 'Oriente');

-- --------------------------------------------------------

--
-- Estructura de tabla para la tabla `tbCarrera`
--

DROP TABLE IF EXISTS `tbCarrera`;
CREATE TABLE `tbCarrera` (
  `idCarrera` int(11) NOT NULL,
  `idCoordinacion` int(11) DEFAULT NULL,
  `nombreCarrera` varchar(30) DEFAULT NULL
) ENGINE=InnoDB DEFAULT CHARSET=utf8;

--
-- Volcado de datos para la tabla `tbCarrera`
--

INSERT INTO `tbCarrera` (`idCarrera`, `idCoordinacion`, `nombreCarrera`) VALUES
(101, 100, 'Administracion'),
(102, 100, 'Contabilidad'),
(201, 200, 'Ingenieria industrial'),
(202, 200, 'Ingenieria en TICS'),
(301, 300, 'Derecho'),
(501, 500, 'Produccion audiovisual'),
(502, 500, 'Comunicacion');

-- --------------------------------------------------------

--
-- Estructura de tabla para la tabla `tbCoordinacion`
--

DROP TABLE IF EXISTS `tbCoordinacion`;
CREATE TABLE `tbCoordinacion` (
  `idCoordinacion` int(11) NOT NULL,
  `nombreCoordinacion` varchar(30) DEFAULT NULL
) ENGINE=InnoDB DEFAULT CHARSET=utf8;

--
-- Volcado de datos para la tabla `tbCoordinacion`
--

INSERT INTO `tbCoordinacion` (`idCoordinacion`, `nombreCoordinacion`) VALUES
(100, 'Administracion'),
(200, 'Ingenierias'),
(300, 'Derecho'),
(500, 'Comunicacion');

-- --------------------------------------------------------

--
-- Estructura de tabla para la tabla `tbMateria`
--

DROP TABLE IF EXISTS `tbMateria`;
CREATE TABLE `tbMateria` (
  `idMateria` int(11) NOT NULL,
  `idCarrera` int(11) DEFAULT NULL,
  `nombreMateria` varchar(30) DEFAULT NULL,
  `credito` int(11) DEFAULT NULL,
  `etapa` varchar(12) DEFAULT NULL
) ENGINE=InnoDB DEFAULT CHARSET=utf8;

--
-- Volcado de datos para la tabla `tbMateria`
--

INSERT INTO `tbMateria` (`idMateria`, `idCarrera`, `nombreMateria`, `credito`, `etapa`) VALUES
(1, 101, 'Teoria del derecho', 6, 'Basica'),
(2, 101, 'Fundamentos teoricos', 6, 'Basica'),
(3, 101, 'Contabilidad I', 6, 'Basica'),
(4, 101, 'Estadistica', 6, 'Basica'),
(5, 101, 'Teoria economica', 6, 'Basica'),
(6, 101, 'Mercadotecnia aplicada', 6, 'Disciplinar'),
(7, 101, 'Finanzas I', 6, 'Disciplinar'),
(8, 101, 'Contabilidad II', 6, 'Disciplinar'),
(9, 101, 'Microeconomia', 6, 'Disciplinar'),
(10, 101, 'Produccion I', 6, 'Disciplinar'),
(11, 101, 'Control de procesos', 6, 'Profesional'),
(12, 101, 'Finanzas II', 6, 'Profesional'),
(13, 101, 'Contabilidad III', 6, 'Profesional'),
(14, 101, 'Macroeconomia', 6, 'Profesional'),
(15, 101, 'Produccion II', 6, 'Profesional'),
(16, 102, 'Teoria del derecho', 6, 'Basica'),
(17, 102, 'Proceso administrativo', 6, 'Basica'),
(18, 102, 'Contabilidad I', 6, 'Basica'),
(19, 102, 'Derecho mercantil', 6, 'Basica'),
(20, 102, 'Contabilidad II', 6, 'Basica'),
(21, 102, 'Derecho fiscal', 6, 'Disciplinar'),
(22, 102, 'Contabilidad de sociedades', 6, 'Disciplinar'),
(23, 102, 'Contabilidad de costos', 6, 'Disciplinar'),
(24, 102, 'Administracion financiera', 6, 'Disciplinar'),
(25, 102, 'Finanzas', 6, 'Disciplinar'),
(26, 102, 'Contabilidad internacional', 6, 'Profesional'),
(27, 102, 'Auditoria financiera', 6, 'Profesional'),
(28, 102, 'Contraloria I', 6, 'Profesional'),
(29, 102, 'Contraloria II', 6, 'Profesional'),
(30, 102, 'Innovacion en contaduria', 6, 'Profesional'),
(31, 201, 'Algebra', 6, 'Basica'),
(32, 201, 'Quimica general', 6, 'Basica'),
(33, 201, 'Teoria economica', 6, 'Basica'),
(34, 201, 'Matematicas', 6, 'Basica'),
(35, 201, 'Quimica organica', 6, 'Basica'),
(36, 201, 'Calculo integral', 6, 'Disciplinar'),
(37, 201, 'Dise?o mecanico', 6, 'Disciplinar'),
(38, 201, 'Electricidad industrial', 6, 'Disciplinar'),
(39, 201, 'Produccion', 6, 'Disciplinar'),
(40, 201, 'Manufactura', 6, 'Disciplinar'),
(41, 201, 'Administracion de proyectos', 6, 'Profesional'),
(42, 201, 'Mantenimiento industrial', 6, 'Profesional'),
(43, 201, 'Ingenieria economica', 6, 'Profesional'),
(44, 201, 'Control de procesos', 6, 'Profesional'),
(45, 201, 'Investigacion de operaciones', 6, 'Profesional'),
(46, 202, 'Algebra', 6, 'Basica'),
(47, 202, 'Circuitos electricos', 6, 'Basica'),
(48, 202, 'Matematicas', 6, 'Basica'),
(49, 202, 'Programacion I', 6, 'Basica'),
(50, 202, 'Microcontroladores', 6, 'Basica'),
(51, 202, 'Sistemas operativos', 6, 'Disciplinar'),
(52, 202, 'Dise?o de base de datos', 6, 'Disciplinar'),
(53, 202, 'Calculo integral', 6, 'Disciplinar'),
(54, 202, 'Dise?o web', 6, 'Disciplinar'),
(55, 202, 'Redes', 6, 'Disciplinar'),
(56, 202, 'Inteligencia artificial', 6, 'Profesional'),
(57, 202, 'Sistemas expertos', 6, 'Profesional'),
(58, 202, 'Telecomunicaciones', 6, 'Profesional'),
(59, 202, 'Tecnicas de negociacion', 6, 'Profesional'),
(60, 202, 'Administracion de redes', 6, 'Profesional'),
(61, 301, 'Algebra', 6, 'Basica'),
(62, 301, 'Quimica general', 6, 'Basica'),
(63, 301, 'Teoria economica', 6, 'Basica'),
(64, 301, 'Matematicas', 6, 'Basica'),
(65, 301, 'Quimica organica', 6, 'Basica'),
(66, 301, 'Calculo integral', 6, 'Disciplinar'),
(67, 301, 'Dise?o mecanico', 6, 'Disciplinar'),
(68, 301, 'Electricidad industrial', 6, 'Disciplinar'),
(69, 301, 'Produccion', 6, 'Disciplinar'),
(70, 301, 'Manufactura', 6, 'Disciplinar'),
(71, 301, 'Administracion de proyectos', 6, 'Profesional'),
(72, 301, 'Mantenimiento industrial', 6, 'Profesional'),
(73, 301, 'Ingenieria economica', 6, 'Profesional'),
(74, 301, 'Control de procesos', 6, 'Profesional'),
(75, 301, 'Investigacion de operaciones', 6, 'Profesional'),
(121, 501, 'Historia del arte', 6, 'Basica'),
(122, 501, 'Lenguaje visual', 6, 'Basica'),
(123, 501, 'Teoria del cine', 6, 'Basica'),
(124, 501, 'Taller de analisis literario', 6, 'Basica'),
(125, 501, 'Fotografia digital', 6, 'Basica'),
(126, 501, 'Estetica', 6, 'Disciplinar'),
(127, 501, 'Produccion 1', 6, 'Disciplinar'),
(128, 501, 'Discurso sonoro', 6, 'Disciplinar'),
(129, 501, 'Produccion II', 6, 'Disciplinar'),
(130, 501, 'Taller de iluminacion', 6, 'Disciplinar'),
(131, 501, 'Documental', 6, 'Profesional'),
(132, 501, 'Video institucional', 6, 'Profesional'),
(133, 501, 'Seminario de realizacion', 6, 'Profesional'),
(134, 501, 'Investigacion artistica', 6, 'Profesional'),
(135, 501, 'Video experimental', 6, 'Profesional'),
(136, 502, 'Teoria de la comunicacion', 6, 'Basica'),
(137, 502, 'Taller de desarrollo creativo', 6, 'Basica'),
(138, 502, 'Taller de analisis literario', 6, 'Basica'),
(139, 502, 'Historia del arte', 6, 'Basica'),
(140, 502, 'Psicologia de la comunicacion', 6, 'Basica'),
(141, 502, 'Expresion oral', 6, 'Disciplinar'),
(142, 502, 'Guionismo', 6, 'Disciplinar'),
(143, 502, 'Semiotica', 6, 'Disciplinar'),
(144, 502, 'Contraculturas', 6, 'Disciplinar'),
(145, 502, 'Mercadotecnia aplicada', 6, 'Disciplinar'),
(146, 502, 'Dise?o grafico', 6, 'Profesional'),
(147, 502, 'Psicologia del consumidor', 6, 'Profesional'),
(148, 502, 'Fotoperiodismo', 6, 'Profesional'),
(149, 502, 'Opinion publica', 6, 'Profesional'),
(150, 502, 'Plataformas digitales', 6, 'Profesional');

-- --------------------------------------------------------

--
-- Estructura de tabla para la tabla `tbSeguimiento`
--

DROP TABLE IF EXISTS `tbSeguimiento`;
CREATE TABLE `tbSeguimiento` (
  `matricula` int(11) DEFAULT NULL,
  `idCarrera` int(11) DEFAULT NULL,
  `Reprobadas` int(11) DEFAULT NULL
) ENGINE=InnoDB DEFAULT CHARSET=utf8;

--
-- Volcado de datos para la tabla `tbSeguimiento`
--

INSERT INTO `tbSeguimiento` (`matricula`, `idCarrera`, `Reprobadas`) VALUES
(10001, 101, 8),
(10002, 101, 5),
(10003, 101, 7),
(10004, 101, 7),
(10005, 101, 4),
(10006, 101, 7),
(10007, 101, 6),
(10008, 101, 7),
(10009, 101, 1),
(10010, 101, 7),
(10011, 102, 5),
(10012, 102, 6),
(10013, 102, 3),
(10014, 102, 6),
(10015, 102, 7),
(10016, 102, 3),
(10017, 102, 6),
(10018, 102, 5),
(10019, 102, 8),
(10020, 102, 7),
(10021, 201, 4),
(10022, 201, 3),
(10023, 201, 3),
(10024, 201, 3),
(10025, 201, 5),
(10026, 201, 4),
(10027, 201, 5),
(10028, 201, 4),
(10029, 201, 7),
(10030, 201, 4),
(10031, 202, 6),
(10032, 202, 2),
(10033, 202, 3),
(10034, 202, 7),
(10035, 202, 5),
(10036, 202, 2),
(10037, 202, 8),
(10038, 202, 3),
(10039, 202, 4),
(10040, 202, 5),
(10041, 301, 3),
(10042, 301, 7),
(10043, 301, 5),
(10044, 301, 4),
(10045, 301, 5),
(10046, 301, 3),
(10047, 301, 7),
(10048, 301, 5),
(10049, 301, 6),
(10050, 301, 5),
(10051, 501, 5),
(10052, 501, 5),
(10053, 501, 7),
(10054, 501, 5),
(10055, 501, 7),
(10056, 501, 4),
(10057, 501, 6),
(10058, 501, 7),
(10059, 501, 3),
(10060, 501, 7),
(10061, 502, 4),
(10062, 502, 8),
(10063, 502, 5),
(10064, 502, 7),
(10065, 502, 7),
(10066, 502, 4),
(10067, 502, 7),
(10068, 502, 6),
(10069, 502, 7),
(10070, 502, 1);

--
-- Índices para tablas volcadas
--

--
-- Indices de la tabla `tbAlumno`
--
ALTER TABLE `tbAlumno`
  ADD PRIMARY KEY (`matricula`),
  ADD KEY `idCampus` (`idCampus`),
  ADD KEY `idCarrera` (`idCarrera`);

--
-- Indices de la tabla `tbCalificacion`
--
ALTER TABLE `tbCalificacion`
  ADD KEY `matricula` (`matricula`),
  ADD KEY `idMateria` (`idMateria`);

--
-- Indices de la tabla `tbCampus`
--
ALTER TABLE `tbCampus`
  ADD PRIMARY KEY (`idCampus`);

--
-- Indices de la tabla `tbCarrera`
--
ALTER TABLE `tbCarrera`
  ADD PRIMARY KEY (`idCarrera`),
  ADD KEY `idCoordinacion` (`idCoordinacion`);

--
-- Indices de la tabla `tbCoordinacion`
--
ALTER TABLE `tbCoordinacion`
  ADD PRIMARY KEY (`idCoordinacion`);

--
-- Indices de la tabla `tbMateria`
--
ALTER TABLE `tbMateria`
  ADD PRIMARY KEY (`idMateria`),
  ADD KEY `idCarrera` (`idCarrera`);

--
-- Indices de la tabla `tbSeguimiento`
--
ALTER TABLE `tbSeguimiento`
  ADD KEY `matricula` (`matricula`),
  ADD KEY `idCarrera` (`idCarrera`);

--
-- AUTO_INCREMENT de las tablas volcadas
--

--
-- AUTO_INCREMENT de la tabla `tbAlumno`
--
ALTER TABLE `tbAlumno`
  MODIFY `matricula` int(11) NOT NULL AUTO_INCREMENT, AUTO_INCREMENT=10077;

--
-- AUTO_INCREMENT de la tabla `tbCampus`
--
ALTER TABLE `tbCampus`
  MODIFY `idCampus` int(11) NOT NULL AUTO_INCREMENT, AUTO_INCREMENT=3;

--
-- AUTO_INCREMENT de la tabla `tbCarrera`
--
ALTER TABLE `tbCarrera`
  MODIFY `idCarrera` int(11) NOT NULL AUTO_INCREMENT, AUTO_INCREMENT=503;

--
-- AUTO_INCREMENT de la tabla `tbCoordinacion`
--
ALTER TABLE `tbCoordinacion`
  MODIFY `idCoordinacion` int(11) NOT NULL AUTO_INCREMENT, AUTO_INCREMENT=501;

--
-- AUTO_INCREMENT de la tabla `tbMateria`
--
ALTER TABLE `tbMateria`
  MODIFY `idMateria` int(11) NOT NULL AUTO_INCREMENT, AUTO_INCREMENT=151;

--
-- Restricciones para tablas volcadas
--

--
-- Filtros para la tabla `tbAlumno`
--
ALTER TABLE `tbAlumno`
  ADD CONSTRAINT `tbalumno_ibfk_1` FOREIGN KEY (`idCampus`) REFERENCES `tbCampus` (`idCampus`) ON DELETE CASCADE,
  ADD CONSTRAINT `tbalumno_ibfk_2` FOREIGN KEY (`idCarrera`) REFERENCES `tbCarrera` (`idCarrera`) ON DELETE CASCADE;

--
-- Filtros para la tabla `tbCalificacion`
--
ALTER TABLE `tbCalificacion`
  ADD CONSTRAINT `tbcalificacion_ibfk_1` FOREIGN KEY (`matricula`) REFERENCES `tbAlumno` (`matricula`) ON DELETE CASCADE,
  ADD CONSTRAINT `tbcalificacion_ibfk_2` FOREIGN KEY (`idMateria`) REFERENCES `tbMateria` (`idMateria`) ON DELETE CASCADE;

--
-- Filtros para la tabla `tbCarrera`
--
ALTER TABLE `tbCarrera`
  ADD CONSTRAINT `tbcarrera_ibfk_1` FOREIGN KEY (`idCoordinacion`) REFERENCES `tbCoordinacion` (`idCoordinacion`) ON DELETE CASCADE;

--
-- Filtros para la tabla `tbMateria`
--
ALTER TABLE `tbMateria`
  ADD CONSTRAINT `tbmateria_ibfk_1` FOREIGN KEY (`idCarrera`) REFERENCES `tbCarrera` (`idCarrera`) ON DELETE CASCADE;

--
-- Filtros para la tabla `tbSeguimiento`
--
ALTER TABLE `tbSeguimiento`
  ADD CONSTRAINT `tbseguimiento_ibfk_1` FOREIGN KEY (`matricula`) REFERENCES `tbAlumno` (`matricula`) ON DELETE CASCADE,
  ADD CONSTRAINT `tbseguimiento_ibfk_2` FOREIGN KEY (`idCarrera`) REFERENCES `tbCarrera` (`idCarrera`) ON DELETE CASCADE;
COMMIT;

/*!40101 SET CHARACTER_SET_CLIENT=@OLD_CHARACTER_SET_CLIENT */;
/*!40101 SET CHARACTER_SET_RESULTS=@OLD_CHARACTER_SET_RESULTS */;
/*!40101 SET COLLATION_CONNECTION=@OLD_COLLATION_CONNECTION */;
