-- phpMyAdmin SQL Dump
-- version 5.2.0
-- https://www.phpmyadmin.net/
--
-- Servidor: localhost:8889
-- Tiempo de generación: 02-08-2024 a las 21:48:04
-- Versión del servidor: 5.7.39
-- Versión de PHP: 8.2.0

SET SQL_MODE = "NO_AUTO_VALUE_ON_ZERO";
START TRANSACTION;
SET time_zone = "+00:00";


/*!40101 SET @OLD_CHARACTER_SET_CLIENT=@@CHARACTER_SET_CLIENT */;
/*!40101 SET @OLD_CHARACTER_SET_RESULTS=@@CHARACTER_SET_RESULTS */;
/*!40101 SET @OLD_COLLATION_CONNECTION=@@COLLATION_CONNECTION */;
/*!40101 SET NAMES utf8mb4 */;

--
-- Base de datos: `dbCampusOriente`
--
CREATE DATABASE IF NOT EXISTS `dbCampusOriente` DEFAULT CHARACTER SET utf8 COLLATE utf8_general_ci;
USE `dbCampusOriente`;

-- --------------------------------------------------------

--
-- Estructura de tabla para la tabla `tbAlumno`
--

DROP TABLE IF EXISTS `tbAlumno`;
CREATE TABLE `tbAlumno` (
  `matricula` int(11) NOT NULL,
  `idCampus` int(11) DEFAULT NULL,
  `idCarrera` int(11) DEFAULT NULL,
  `nombreAlumno` varchar(20) DEFAULT NULL,
  `paterno` varchar(20) DEFAULT NULL,
  `materno` varchar(20) DEFAULT NULL,
  `fechaNac` date DEFAULT NULL,
  `correo` varchar(30) DEFAULT NULL,
  `genero` char(1) DEFAULT NULL
) ENGINE=InnoDB DEFAULT CHARSET=utf8;

--
-- Volcado de datos para la tabla `tbAlumno`
--

INSERT INTO `tbAlumno` (`matricula`, `idCampus`, `idCarrera`, `nombreAlumno`, `paterno`, `materno`, `fechaNac`, `correo`, `genero`) VALUES
(20001, 2, 101, 'Julieta', 'Casas', 'Silva', '1996-09-24', 'jcasas@correo.com', 'F'),
(20002, 2, 101, 'Samuel', 'Calderon', 'Ponce', '1995-03-26', 'scalderon@correo.com', 'M'),
(20003, 2, 101, 'Francisco', 'Ramos', 'Flores', '1998-05-19', 'framos@correo.com', 'M'),
(20004, 2, 101, 'Marisol', 'Guevara', 'Ramirez', '1992-10-04', 'mguevara@correo.com', 'F'),
(20005, 2, 101, 'David', 'Lopez', 'Salgado', '1995-06-11', 'dlopez@correo.com', 'M'),
(20006, 2, 101, 'Isaac', 'Castro', 'Marques', '1998-12-07', 'icastro@correo.com', 'M'),
(20007, 2, 101, 'Manuel', 'Rivera', 'Villarreal', '1999-09-01', 'mrivera@correo.com', 'M'),
(20008, 2, 101, 'Norma', 'Carbajal', 'Reyes', '1990-01-29', 'ncarbajal@correo.com', 'F'),
(20009, 2, 101, 'Cristian', 'Sanchez', 'Flores', '1993-06-10', 'csanchez@correo.com', 'M'),
(20010, 2, 101, 'Maria Luisa', 'Carranza', 'Ontiveros', '1994-06-10', 'mcarranza@correo.com', 'F'),
(20011, 2, 201, 'Rogelio', 'Chacon', 'Infante', '1996-10-11', 'rchacon@correo.com', 'M'),
(20012, 2, 201, 'Diana', 'Sotomayor', 'Lujan', '1999-08-30', 'dsotomayor@correo.com', 'F'),
(20013, 2, 201, 'Abel', 'Rodriguez', 'Canseco', '1991-08-25', 'arodriguez@correo.com', 'M'),
(20014, 2, 201, 'Ofelia', 'Siqueiros', 'Miranda', '1998-05-31', 'osiqueiros@correo.com', 'F'),
(20015, 2, 201, 'Carmen', 'del Real', 'Cruz', '1994-01-31', 'cdelreal@correo.com', 'F'),
(20016, 2, 201, 'Guillermo', 'Cardenas', 'Zavala', '1995-02-06', 'gcardenas@correo.com', 'M'),
(20017, 2, 201, 'Ignacio', 'Salinas', 'Paredes', '2000-03-06', 'isalinas@correo.com', 'M'),
(20018, 2, 201, 'Virginia', 'Arguello', 'Acuña', '1990-09-01', 'varguello@correo.com', 'F'),
(20019, 2, 201, 'Laura', 'Alvarez', 'Gonzalez', '1999-09-02', 'lalvarez@correo.com', 'F'),
(20020, 2, 201, 'Lucas', 'Garibay', 'Cabrera', '1992-03-06', 'lgaribay@correo.com', 'M'),
(20021, 2, 202, 'Matias', 'Bautista', 'Ochoa', '1993-07-03', 'mbautista@correo.com', 'M'),
(20022, 2, 202, 'Maximiliano', 'Carreño', 'Maldonado', '1999-01-10', 'mcarreño@correo.com', 'M'),
(20023, 2, 202, 'Daniel', 'Gomez', 'Torres', '1999-04-24', 'dgomez@correo.com', 'M'),
(20024, 2, 202, 'Marcos', 'Guzman', 'Ledesma', '1993-08-20', 'mguzman@correo.com', 'M'),
(20025, 2, 202, 'Anahi', 'Montoya', 'Frias', '1999-12-03', 'amontoya@correo.com', 'F'),
(20026, 2, 202, 'German', 'Villarreal', 'Arizmendi', '1999-04-22', 'gvillarreal@correo.com', 'M'),
(20027, 2, 202, 'Viviana', 'Peraza', 'Valenzuela', '2000-08-11', 'vperaza@correo.com', 'F'),
(20028, 2, 202, 'Emmanuel', 'Trejo', 'Varela', '1996-07-18', 'etrejo@correo.com', 'M'),
(20029, 2, 202, 'Victor', 'Peralta', 'Amarillas', '1997-04-07', 'vperalta@correo.com', 'M'),
(20030, 2, 202, 'Rosalia', 'Sarmiento', 'Sarabia', '1994-03-22', 'rsarmiento@correo.com', 'F'),
(20031, 2, 301, 'Javier', 'Rojas', 'Aguirre', '1991-04-22', 'jrojas@correo.com', 'M'),
(20032, 2, 301, 'Camila', 'Quintero', 'Herrera', '1999-03-22', 'cquintero@correo.com', 'F'),
(20033, 2, 301, 'Carlos Alberto', 'Quevedo', 'Mata', '1990-11-08', 'cquevedo@correo.com', 'M'),
(20034, 2, 301, 'Andrea', 'Guzman', 'Padilla', '1999-03-17', 'aguzman@correo.com', 'F'),
(20035, 2, 301, 'Alexia', 'Juarez', 'Olguin', '2000-03-25', 'ajuarez@correo.com', 'F'),
(20036, 2, 301, 'Jorge', 'Carbajal', 'Ruiz', '1992-08-12', 'jcarbajal@correo.com', 'M'),
(20037, 2, 301, 'Rocio', 'Grijalva', 'Gallardo', '1993-04-21', 'rgrijalva@correo.com', 'F'),
(20038, 2, 301, 'Alan', 'Diaz', 'Pereira', '1998-02-07', 'adiaz@correo.com', 'M'),
(20039, 2, 301, 'Veronica', 'Robles', 'Mijares', '1994-03-04', 'vrobles@correo.com', 'F'),
(20040, 2, 301, 'Maria Juana', 'Escobedo', 'Murillo', '1993-04-25', 'mescobedo@correo.com', 'F'),
(20041, 2, 302, 'Maribel', 'Rueda', 'Nava', '1996-09-24', 'mrueda@correo.com', 'F'),
(20042, 2, 302, 'Alejandro', 'Rosas', 'Escalona', '1995-03-26', 'arosas@correo.com', 'M'),
(20043, 2, 302, 'Francisco', 'Tejeda', 'Reyes', '1998-05-19', 'ftejeda@correo.com', 'M'),
(20044, 2, 302, 'Emilio', 'Peñaloza', 'Lugo', '1992-10-04', 'epeñaloza@correo.com', 'M'),
(20045, 2, 302, 'Brenda', 'Arana', 'Acosta', '1995-06-11', 'barana@correo.com', 'F'),
(20046, 2, 302, 'Eva Maria', 'Bernal', 'Rosas', '1998-12-07', 'ebernal@correo.com', 'F'),
(20047, 2, 302, 'Jose Antonio', 'Trejo', 'Sanchez', '1999-09-01', 'jtrejo@correo.com', 'M'),
(20048, 2, 302, 'Karina', 'Salcedo', 'Hernandez', '1994-01-06', 'ksalcedo@correo.com', 'F'),
(20049, 2, 302, 'Sonia', 'Romero', 'Vargas', '1990-01-29', 'sromero@correo.com', 'F'),
(20050, 2, 302, 'Victoria', 'Ruelas', 'Gonzalez', '1993-06-10', 'vruelas@correo.com', 'F'),
(20051, 2, 401, 'Cecilia', 'Gonzalez', 'Garcia', '1992-09-18', 'cgonzalez@correo.com', 'F'),
(20052, 2, 401, 'Antonio', 'Alfaro', 'Peña', '2000-04-10', 'aalfaro@correo.com', 'M'),
(20053, 2, 401, 'Janet', 'Fausto', 'Jauregui', '1996-08-05', 'jfausto@correo.com', 'F'),
(20054, 2, 401, 'Martin', 'Sandoval', 'Paredes', '1991-11-02', 'msandoval@correo.com', 'M'),
(20055, 2, 401, 'Irene', 'Paredes', 'Vidal', '1990-07-19', 'iparedes@correo.com', 'F'),
(20056, 2, 401, 'Trinidad', 'Calderon', 'Ruiz', '1992-06-14', 'tcalderon@correo.com', 'F'),
(20057, 2, 401, 'Emilio', 'Rodriguez', 'Nolasco', '1994-06-11', 'erodriguez@correo.com', 'M'),
(20058, 2, 401, 'Jovita', 'Campos', 'Rodriguez', '1997-11-08', 'jcampos@correo.com', 'F'),
(20059, 2, 401, 'Ana Maria', 'Sandoval', 'Hernandez', '1992-12-12', 'asandoval@correo.com', 'F'),
(20060, 2, 401, 'Angel', 'Carbajal', 'Escobedo', '1991-07-15', 'acarbajal@correo.com', 'M'),
(20061, 2, 402, 'Esther', 'Cruz', 'Ruiz', '1995-08-15', 'ecruz@correo.com', 'F'),
(20062, 2, 402, 'Felipe', 'Chacon', 'de la Cruz', '1999-07-27', 'fchacon@correo.com', 'M'),
(20063, 2, 402, 'Margarita', 'Reyes', 'Guevara', '1992-06-08', 'mreyes@correo.com', 'F'),
(20064, 2, 402, 'Marina', 'Santos', 'Rojas', '1993-06-06', 'asantos@correo.com', 'F'),
(20065, 2, 402, 'Mauricio', 'Valverde', 'Montes', '1995-10-11', 'mvalverde@correo.com', 'M'),
(20066, 2, 402, 'Mario', 'Garcia', 'Benitez', '1998-07-29', 'mgarcia@correo.com', 'M'),
(20067, 2, 402, 'Teodoro', 'Lopez', 'Vargas', '2000-01-20', 'tlopez@correo.com', 'M'),
(20068, 2, 402, 'Virginia', 'Acosta', 'Fernandez', '1997-05-23', 'vacosta@correo.com', 'F'),
(20069, 2, 402, 'Clemente', 'Briseño', 'Morales', '1999-02-10', 'cbriseño@correo.com', 'M'),
(20070, 2, 402, 'Julian', 'Villa', 'Perez', '1998-01-28', 'jvilla@correo.com', 'M'),
(20071, 2, 202, 'Paola', 'Lopez', 'Bracho', '1989-05-09', 'pbracho@udetijuana.edu.mx', 'F'),
(20072, 2, 202, 'Paul', 'Lopez', 'Jimenez', '1990-07-19', 'plopez@udetijuana.edu.mx', 'H'),
(20073, 2, 202, 'Jorgue', 'Lagos', 'Hernandez', '1992-09-12', 'Jlagos@udetijuana.edu.mx', 'M'),
(20074, 2, 202, 'Juan', 'Perez', 'Ramos', '1990-10-10', 'Jramos@udetijuana.edu.mx', 'M'),
(20075, 2, 202, 'Joel', 'Martinez', 'Lopez', '1999-12-10', 'jmartinez@udetijuana.edu.mx', 'M'),
(20083, 2, 202, 'Ivone', 'Magon', 'Hernandez', '1996-05-09', 'imagon@udetijuana.edu.mx', 'F');

-- --------------------------------------------------------

--
-- Estructura de tabla para la tabla `tbCalificacion`
--

DROP TABLE IF EXISTS `tbCalificacion`;
CREATE TABLE `tbCalificacion` (
  `matricula` int(11) DEFAULT NULL,
  `idMateria` int(11) DEFAULT NULL,
  `calificacion` int(11) DEFAULT NULL
) ENGINE=InnoDB DEFAULT CHARSET=utf8;

--
-- Volcado de datos para la tabla `tbCalificacion`
--

INSERT INTO `tbCalificacion` (`matricula`, `idMateria`, `calificacion`) VALUES
(20001, 1, 6),
(20001, 2, 9),
(20001, 4, 5),
(20001, 5, 7),
(20001, 6, 5),
(20001, 7, 6),
(20001, 8, 10),
(20001, 9, 5),
(20001, 10, 9),
(20001, 11, 10),
(20001, 12, 6),
(20001, 13, 8),
(20001, 14, 9),
(20001, 15, 8),
(20002, 1, 8),
(20002, 2, 6),
(20002, 3, 6),
(20002, 4, 10),
(20002, 5, 8),
(20002, 6, 8),
(20002, 7, 6),
(20002, 8, 5),
(20002, 9, 9),
(20002, 10, 10),
(20002, 11, 10),
(20002, 12, 9),
(20002, 13, 8),
(20002, 14, 5),
(20002, 15, 8),
(20003, 1, 5),
(20003, 2, 6),
(20003, 3, 7),
(20003, 4, 9),
(20003, 5, 5),
(20003, 6, 5),
(20003, 7, 9),
(20003, 8, 6),
(20003, 9, 9),
(20003, 10, 7),
(20003, 11, 7),
(20003, 12, 10),
(20003, 13, 6),
(20003, 14, 10),
(20003, 15, 8),
(20004, 1, 8),
(20004, 2, 7),
(20004, 3, 5),
(20004, 4, 8),
(20004, 5, 7),
(20004, 6, 8),
(20004, 7, 9),
(20004, 8, 7),
(20004, 9, 7),
(20004, 10, 7),
(20004, 11, 10),
(20004, 12, 7),
(20004, 13, 5),
(20004, 14, 6),
(20004, 15, 7),
(20005, 1, 7),
(20005, 2, 8),
(20005, 3, 9),
(20005, 4, 5),
(20005, 5, 7),
(20005, 6, 5),
(20005, 7, 5),
(20005, 8, 8),
(20005, 9, 9),
(20005, 10, 10),
(20005, 11, 6),
(20005, 12, 6),
(20005, 13, 5),
(20005, 14, 10),
(20005, 15, 10),
(20006, 1, 8),
(20006, 2, 5),
(20006, 3, 5),
(20006, 4, 9),
(20006, 5, 8),
(20006, 6, 9),
(20006, 7, 5),
(20006, 8, 6),
(20006, 9, 8),
(20006, 10, 8),
(20006, 11, 10),
(20006, 12, 8),
(20006, 13, 6),
(20006, 14, 6),
(20006, 15, 5),
(20007, 1, 8),
(20007, 2, 10),
(20007, 3, 8),
(20007, 4, 9),
(20007, 5, 6),
(20007, 6, 5),
(20007, 7, 8),
(20007, 8, 8),
(20007, 9, 5),
(20007, 10, 9),
(20007, 11, 8),
(20007, 12, 9),
(20007, 13, 10),
(20007, 14, 9),
(20007, 15, 8),
(20008, 1, 10),
(20008, 2, 8),
(20008, 3, 7),
(20008, 4, 8),
(20008, 5, 7),
(20008, 6, 8),
(20008, 7, 5),
(20008, 8, 6),
(20008, 9, 5),
(20008, 10, 8),
(20008, 11, 5),
(20008, 12, 10),
(20008, 13, 6),
(20008, 14, 7),
(20008, 15, 5),
(20009, 1, 5),
(20009, 2, 7),
(20009, 3, 7),
(20009, 4, 10),
(20009, 5, 5),
(20009, 6, 9),
(20009, 7, 7),
(20009, 8, 8),
(20009, 9, 8),
(20009, 10, 8),
(20009, 11, 5),
(20009, 12, 10),
(20009, 13, 10),
(20009, 14, 5),
(20009, 15, 5),
(20010, 31, 8),
(20010, 32, 5),
(20010, 33, 6),
(20010, 34, 7),
(20010, 35, 6),
(20010, 36, 9),
(20010, 37, 10),
(20010, 38, 10),
(20010, 39, 5),
(20010, 40, 8),
(20010, 41, 5),
(20010, 42, 6),
(20010, 43, 6),
(20010, 44, 5),
(20010, 45, 10),
(20011, 31, 10),
(20011, 32, 8),
(20011, 33, 6),
(20011, 34, 5),
(20011, 35, 8),
(20011, 36, 9),
(20011, 37, 9),
(20011, 38, 6),
(20011, 39, 9),
(20011, 40, 5),
(20011, 41, 6),
(20011, 42, 8),
(20011, 43, 6),
(20011, 44, 7),
(20011, 45, 5),
(20012, 31, 8),
(20012, 32, 8),
(20012, 33, 5),
(20012, 34, 8),
(20012, 35, 10),
(20012, 36, 10),
(20012, 37, 5),
(20012, 38, 7),
(20012, 39, 5),
(20012, 40, 10),
(20012, 41, 8),
(20012, 42, 5),
(20012, 43, 7),
(20012, 44, 8),
(20012, 45, 10),
(20013, 31, 7),
(20013, 32, 10),
(20013, 33, 6),
(20013, 34, 9),
(20013, 35, 9),
(20013, 36, 7),
(20013, 37, 6),
(20013, 38, 9),
(20013, 39, 8),
(20013, 40, 7),
(20013, 41, 6),
(20013, 42, 10),
(20013, 43, 10),
(20013, 44, 8),
(20013, 45, 7),
(20014, 31, 10),
(20014, 32, 9),
(20014, 33, 5),
(20014, 34, 9),
(20014, 35, 7),
(20014, 36, 6),
(20014, 37, 8),
(20014, 38, 8),
(20014, 39, 9),
(20014, 40, 10),
(20014, 41, 7),
(20014, 42, 6),
(20014, 43, 7),
(20014, 44, 10),
(20014, 45, 7),
(20015, 31, 8),
(20015, 32, 5),
(20015, 33, 7),
(20015, 34, 10),
(20015, 35, 10),
(20015, 36, 9),
(20015, 37, 10),
(20015, 38, 9),
(20015, 39, 10),
(20015, 40, 5),
(20015, 41, 10),
(20015, 42, 5),
(20015, 43, 8),
(20015, 44, 7),
(20015, 45, 7),
(20016, 31, 10),
(20016, 32, 5),
(20016, 33, 10),
(20016, 34, 10),
(20016, 35, 5),
(20016, 36, 8),
(20016, 37, 5),
(20016, 38, 7),
(20016, 39, 7),
(20016, 40, 7),
(20016, 41, 10),
(20016, 42, 8),
(20016, 43, 6),
(20016, 44, 6),
(20016, 45, 8),
(20017, 31, 7),
(20017, 32, 9),
(20017, 33, 9),
(20017, 34, 5),
(20017, 35, 6),
(20017, 36, 5),
(20017, 37, 9),
(20017, 38, 7),
(20017, 39, 10),
(20017, 40, 5),
(20017, 41, 7),
(20017, 42, 8),
(20017, 43, 8),
(20017, 44, 9),
(20017, 45, 10),
(20018, 31, 10),
(20018, 32, 8),
(20018, 33, 8),
(20018, 34, 10),
(20018, 35, 8),
(20018, 36, 9),
(20018, 37, 5),
(20018, 38, 9),
(20018, 39, 7),
(20018, 40, 6),
(20018, 41, 6),
(20018, 42, 5),
(20018, 43, 10),
(20018, 44, 8),
(20018, 45, 6),
(20019, 31, 9),
(20019, 32, 10),
(20019, 33, 8),
(20019, 34, 10),
(20019, 35, 8),
(20019, 36, 7),
(20019, 37, 6),
(20019, 38, 8),
(20019, 39, 7),
(20019, 40, 10),
(20019, 41, 6),
(20019, 42, 10),
(20019, 43, 6),
(20019, 44, 6),
(20019, 45, 10),
(20020, 31, 6),
(20020, 32, 6),
(20020, 33, 5),
(20020, 34, 8),
(20020, 35, 5),
(20020, 36, 10),
(20020, 37, 7),
(20020, 38, 9),
(20020, 39, 9),
(20020, 40, 8),
(20020, 41, 7),
(20020, 42, 6),
(20020, 43, 5),
(20020, 44, 8),
(20020, 45, 6),
(20021, 46, 9),
(20021, 47, 6),
(20021, 48, 8),
(20021, 49, 9),
(20021, 50, 8),
(20021, 51, 7),
(20021, 52, 5),
(20021, 53, 10),
(20021, 54, 5),
(20021, 55, 8),
(20021, 56, 8),
(20021, 57, 10),
(20021, 58, 7),
(20021, 59, 8),
(20021, 60, 5),
(20022, 46, 9),
(20022, 47, 10),
(20022, 48, 7),
(20022, 49, 7),
(20022, 50, 5),
(20022, 51, 5),
(20022, 52, 8),
(20022, 53, 9),
(20022, 54, 5),
(20022, 55, 9),
(20022, 56, 6),
(20022, 57, 5),
(20022, 58, 10),
(20022, 59, 6),
(20022, 60, 7),
(20023, 46, 8),
(20023, 47, 9),
(20023, 48, 8),
(20023, 49, 9),
(20023, 50, 7),
(20023, 51, 9),
(20023, 52, 9),
(20023, 53, 5),
(20023, 54, 7),
(20023, 55, 8),
(20023, 56, 8),
(20023, 57, 10),
(20023, 58, 8),
(20023, 59, 5),
(20023, 60, 8),
(20024, 46, 6),
(20024, 47, 9),
(20024, 48, 8),
(20024, 49, 7),
(20024, 50, 10),
(20024, 51, 9),
(20024, 52, 8),
(20024, 53, 6),
(20024, 54, 6),
(20024, 55, 7),
(20024, 56, 8),
(20024, 57, 9),
(20024, 58, 9),
(20024, 59, 9),
(20024, 60, 9),
(20025, 46, 6),
(20025, 47, 7),
(20025, 48, 6),
(20025, 49, 6),
(20025, 50, 7),
(20025, 51, 9),
(20025, 52, 6),
(20025, 53, 8),
(20025, 54, 9),
(20025, 55, 7),
(20025, 56, 5),
(20025, 57, 5),
(20025, 58, 6),
(20025, 59, 10),
(20025, 60, 10),
(20026, 46, 7),
(20026, 47, 9),
(20026, 48, 5),
(20026, 49, 5),
(20026, 50, 7),
(20026, 51, 5),
(20026, 52, 8),
(20026, 53, 7),
(20026, 54, 9),
(20026, 55, 6),
(20026, 56, 9),
(20026, 57, 10),
(20026, 58, 7),
(20026, 59, 7),
(20026, 60, 5),
(20027, 46, 9),
(20027, 47, 10),
(20027, 48, 8),
(20027, 49, 6),
(20027, 50, 9),
(20027, 51, 6),
(20027, 52, 7),
(20027, 53, 7),
(20027, 54, 9),
(20027, 55, 10),
(20027, 56, 10),
(20027, 57, 10),
(20027, 58, 10),
(20027, 59, 8),
(20027, 60, 10),
(20028, 46, 6),
(20028, 47, 5),
(20028, 48, 6),
(20028, 49, 7),
(20028, 50, 5),
(20028, 51, 8),
(20028, 52, 8),
(20028, 53, 9),
(20028, 54, 5),
(20028, 55, 5),
(20028, 56, 7),
(20028, 57, 8),
(20028, 58, 5),
(20028, 59, 10),
(20028, 60, 6),
(20029, 46, 9),
(20029, 47, 8),
(20029, 48, 8),
(20029, 49, 10),
(20029, 50, 7),
(20029, 51, 8),
(20029, 52, 5),
(20029, 53, 6),
(20029, 54, 10),
(20029, 55, 10),
(20029, 56, 7),
(20029, 57, 9),
(20029, 58, 10),
(20029, 59, 5),
(20029, 60, 9),
(20030, 46, 6),
(20030, 47, 8),
(20030, 48, 6),
(20030, 49, 5),
(20030, 50, 7),
(20030, 51, 7),
(20030, 52, 8),
(20030, 53, 9),
(20030, 54, 9),
(20030, 55, 6),
(20030, 56, 9),
(20030, 57, 10),
(20030, 58, 8),
(20030, 59, 7),
(20030, 60, 9),
(20031, 61, 8),
(20031, 62, 7),
(20031, 63, 9),
(20031, 64, 5),
(20031, 65, 6),
(20031, 66, 9),
(20031, 67, 9),
(20031, 68, 6),
(20031, 69, 7),
(20031, 70, 10),
(20031, 71, 5),
(20031, 72, 9),
(20031, 73, 7),
(20031, 74, 9),
(20031, 75, 5),
(20032, 61, 8),
(20032, 62, 8),
(20032, 63, 9),
(20032, 64, 9),
(20032, 65, 10),
(20032, 66, 7),
(20032, 67, 6),
(20032, 68, 6),
(20032, 69, 9),
(20032, 70, 8),
(20032, 71, 9),
(20032, 72, 10),
(20032, 73, 9),
(20032, 74, 6),
(20032, 75, 8),
(20033, 61, 5),
(20033, 62, 8),
(20033, 63, 6),
(20033, 64, 5),
(20033, 65, 9),
(20033, 66, 6),
(20033, 67, 9),
(20033, 68, 10),
(20033, 69, 7),
(20033, 70, 6),
(20033, 71, 10),
(20033, 72, 9),
(20033, 73, 5),
(20033, 74, 9),
(20033, 75, 6),
(20034, 61, 5),
(20034, 62, 9),
(20034, 63, 9),
(20034, 64, 7),
(20034, 65, 10),
(20034, 66, 8),
(20034, 67, 9),
(20034, 68, 8),
(20034, 69, 10),
(20034, 70, 6),
(20034, 71, 6),
(20034, 72, 10),
(20034, 73, 6),
(20034, 74, 7),
(20034, 75, 5),
(20035, 61, 10),
(20035, 62, 10),
(20035, 63, 8),
(20035, 64, 7),
(20035, 65, 8),
(20035, 66, 10),
(20035, 67, 6),
(20035, 68, 6),
(20035, 69, 9),
(20035, 70, 6),
(20035, 71, 10),
(20035, 72, 7),
(20035, 73, 8),
(20035, 74, 10),
(20035, 75, 6),
(20036, 61, 9),
(20036, 62, 10),
(20036, 63, 10),
(20036, 64, 5),
(20036, 65, 9),
(20036, 66, 10),
(20036, 67, 6),
(20036, 68, 6),
(20036, 69, 6),
(20036, 70, 7),
(20036, 71, 10),
(20036, 72, 9),
(20036, 73, 7),
(20036, 74, 8),
(20036, 75, 5),
(20037, 61, 7),
(20037, 62, 7),
(20037, 63, 9),
(20037, 64, 9),
(20037, 65, 7),
(20037, 66, 6),
(20037, 67, 7),
(20037, 68, 8),
(20037, 69, 5),
(20037, 70, 5),
(20037, 71, 7),
(20037, 72, 7),
(20037, 73, 7),
(20037, 74, 8),
(20037, 75, 7),
(20038, 61, 7),
(20038, 62, 6),
(20038, 63, 5),
(20038, 64, 6),
(20038, 65, 9),
(20038, 66, 6),
(20038, 67, 8),
(20038, 68, 7),
(20038, 69, 5),
(20038, 70, 9),
(20038, 71, 5),
(20038, 72, 9),
(20038, 73, 5),
(20038, 74, 8),
(20038, 75, 8),
(20039, 61, 7),
(20039, 62, 6),
(20039, 63, 5),
(20039, 64, 9),
(20039, 65, 7),
(20039, 66, 8),
(20039, 67, 6),
(20039, 68, 7),
(20039, 69, 10),
(20039, 70, 8),
(20039, 71, 7),
(20039, 72, 5),
(20039, 73, 9),
(20039, 74, 7),
(20039, 75, 6),
(20040, 61, 7),
(20040, 62, 7),
(20040, 63, 7),
(20040, 64, 9),
(20040, 65, 6),
(20040, 66, 8),
(20040, 67, 8),
(20040, 68, 8),
(20040, 69, 5),
(20040, 70, 5),
(20040, 71, 6),
(20040, 72, 6),
(20040, 73, 5),
(20040, 74, 7),
(20040, 75, 9),
(20041, 76, 10),
(20041, 77, 6),
(20041, 78, 10),
(20041, 79, 6),
(20041, 80, 10),
(20041, 81, 8),
(20041, 82, 9),
(20041, 83, 5),
(20041, 84, 5),
(20041, 85, 8),
(20041, 86, 8),
(20041, 87, 6),
(20041, 88, 10),
(20041, 89, 8),
(20041, 90, 7),
(20042, 76, 8),
(20042, 77, 8),
(20042, 78, 6),
(20042, 79, 6),
(20042, 80, 5),
(20042, 81, 7),
(20042, 82, 5),
(20042, 83, 9),
(20042, 84, 6),
(20042, 85, 8),
(20042, 86, 8),
(20042, 87, 7),
(20042, 88, 8),
(20042, 89, 9),
(20042, 90, 7),
(20043, 76, 9),
(20043, 77, 8),
(20043, 78, 5),
(20043, 79, 5),
(20043, 80, 10),
(20043, 81, 5),
(20043, 82, 10),
(20043, 83, 7),
(20043, 84, 8),
(20043, 85, 8),
(20043, 86, 5),
(20043, 87, 7),
(20043, 88, 10),
(20043, 89, 5),
(20043, 90, 10),
(20044, 76, 8),
(20044, 77, 6),
(20044, 78, 7),
(20044, 79, 5),
(20044, 80, 10),
(20044, 81, 5),
(20044, 82, 9),
(20044, 83, 8),
(20044, 84, 6),
(20044, 85, 6),
(20044, 86, 9),
(20044, 87, 6),
(20044, 88, 7),
(20044, 89, 5),
(20044, 90, 9),
(20045, 76, 8),
(20045, 77, 5),
(20045, 78, 7),
(20045, 79, 10),
(20045, 80, 9),
(20045, 81, 10),
(20045, 82, 6),
(20045, 83, 8),
(20045, 84, 6),
(20045, 85, 5),
(20045, 86, 9),
(20045, 87, 5),
(20045, 88, 10),
(20045, 89, 9),
(20045, 90, 9),
(20046, 76, 8),
(20046, 77, 5),
(20046, 78, 5),
(20046, 79, 7),
(20046, 80, 8),
(20046, 81, 9),
(20046, 82, 10),
(20046, 83, 5),
(20046, 84, 6),
(20046, 85, 6),
(20046, 86, 8),
(20046, 87, 7),
(20046, 88, 10),
(20046, 89, 5),
(20046, 90, 5),
(20047, 76, 9),
(20047, 77, 5),
(20047, 78, 9),
(20047, 79, 6),
(20047, 80, 9),
(20047, 81, 7),
(20047, 82, 6),
(20047, 83, 7),
(20047, 84, 10),
(20047, 85, 8),
(20047, 86, 5),
(20047, 87, 7),
(20047, 88, 10),
(20047, 89, 8),
(20047, 90, 10),
(20048, 76, 10),
(20048, 77, 6),
(20048, 78, 9),
(20048, 79, 8),
(20048, 80, 7),
(20048, 81, 9),
(20048, 82, 10),
(20048, 83, 5),
(20048, 84, 6),
(20048, 85, 5),
(20048, 86, 10),
(20048, 87, 5),
(20048, 88, 9),
(20048, 89, 5),
(20048, 90, 8),
(20049, 76, 5),
(20049, 77, 9),
(20049, 78, 7),
(20049, 79, 5),
(20049, 80, 5),
(20049, 81, 8),
(20049, 82, 9),
(20049, 83, 10),
(20049, 84, 9),
(20049, 85, 7),
(20049, 86, 5),
(20049, 87, 6),
(20049, 88, 6),
(20049, 89, 7),
(20049, 90, 5),
(20050, 76, 6),
(20050, 77, 10),
(20050, 78, 8),
(20050, 79, 5),
(20050, 80, 8),
(20050, 81, 7),
(20050, 82, 7),
(20050, 83, 9),
(20050, 84, 9),
(20050, 85, 10),
(20050, 86, 9),
(20050, 87, 9),
(20050, 88, 7),
(20050, 89, 6),
(20050, 90, 10),
(20051, 91, 8),
(20051, 92, 7),
(20051, 93, 5),
(20051, 94, 6),
(20051, 95, 9),
(20051, 96, 5),
(20051, 97, 5),
(20051, 98, 9),
(20051, 99, 8),
(20051, 100, 5),
(20051, 101, 7),
(20051, 102, 6),
(20051, 103, 10),
(20051, 104, 6),
(20051, 105, 8),
(20052, 91, 10),
(20052, 92, 9),
(20052, 93, 10),
(20052, 94, 5),
(20052, 95, 8),
(20052, 96, 5),
(20052, 97, 5),
(20052, 98, 8),
(20052, 99, 5),
(20052, 100, 6),
(20052, 101, 6),
(20052, 102, 6),
(20052, 103, 9),
(20052, 104, 7),
(20052, 105, 7),
(20053, 91, 7),
(20053, 92, 7),
(20053, 93, 10),
(20053, 94, 6),
(20053, 95, 9),
(20053, 96, 8),
(20053, 97, 6),
(20053, 98, 6),
(20053, 99, 6),
(20053, 100, 9),
(20053, 101, 5),
(20053, 102, 7),
(20053, 103, 6),
(20053, 104, 7),
(20053, 105, 9),
(20054, 91, 7),
(20054, 92, 9),
(20054, 93, 5),
(20054, 94, 6),
(20054, 95, 8),
(20054, 96, 9),
(20054, 97, 6),
(20054, 98, 7),
(20054, 99, 10),
(20054, 100, 9),
(20054, 101, 8),
(20054, 102, 7),
(20054, 103, 10),
(20054, 104, 7),
(20054, 105, 6),
(20055, 91, 10),
(20055, 92, 6),
(20055, 93, 5),
(20055, 94, 8),
(20055, 95, 10),
(20055, 96, 8),
(20055, 97, 7),
(20055, 98, 10),
(20055, 99, 8),
(20055, 100, 7),
(20055, 101, 6),
(20055, 102, 9),
(20055, 103, 7),
(20055, 104, 8),
(20055, 105, 8),
(20056, 91, 6),
(20056, 92, 5),
(20056, 93, 5),
(20056, 94, 5),
(20056, 95, 9),
(20056, 96, 9),
(20056, 97, 7),
(20056, 98, 5),
(20056, 99, 8),
(20056, 100, 7),
(20056, 101, 10),
(20056, 102, 7),
(20056, 103, 5),
(20056, 104, 6),
(20056, 105, 9),
(20057, 91, 7),
(20057, 92, 5),
(20057, 93, 5),
(20057, 94, 9),
(20057, 95, 5),
(20057, 96, 6),
(20057, 97, 10),
(20057, 98, 9),
(20057, 99, 9),
(20057, 100, 10),
(20057, 101, 9),
(20057, 102, 9),
(20057, 103, 9),
(20057, 104, 6),
(20057, 105, 8),
(20058, 91, 5),
(20058, 92, 8),
(20058, 93, 7),
(20058, 94, 5),
(20058, 95, 8),
(20058, 96, 7),
(20058, 97, 8),
(20058, 98, 10),
(20058, 99, 5),
(20058, 100, 6),
(20058, 101, 8),
(20058, 102, 5),
(20058, 103, 7),
(20058, 104, 8),
(20058, 105, 6),
(20059, 91, 7),
(20059, 92, 6),
(20059, 93, 6),
(20059, 94, 9),
(20059, 95, 6),
(20059, 96, 5),
(20059, 97, 9),
(20059, 98, 6),
(20059, 99, 5),
(20059, 100, 5),
(20059, 101, 10),
(20059, 102, 10),
(20059, 103, 10),
(20059, 104, 7),
(20059, 105, 8),
(20060, 91, 5),
(20060, 92, 6),
(20060, 93, 6),
(20060, 94, 8),
(20060, 95, 9),
(20060, 96, 10),
(20060, 97, 5),
(20060, 98, 5),
(20060, 99, 7),
(20060, 100, 9),
(20060, 101, 10),
(20060, 102, 7),
(20060, 103, 6),
(20060, 104, 9),
(20060, 105, 10),
(20061, 106, 8),
(20061, 107, 10),
(20061, 108, 10),
(20061, 109, 9),
(20061, 110, 10),
(20061, 111, 9),
(20061, 112, 5),
(20061, 113, 8),
(20061, 114, 5),
(20061, 115, 6),
(20061, 116, 6),
(20061, 117, 9),
(20061, 118, 10),
(20061, 119, 7),
(20061, 120, 9),
(20062, 106, 6),
(20062, 107, 5),
(20062, 108, 5),
(20062, 109, 5),
(20062, 110, 7),
(20062, 111, 8),
(20062, 112, 9),
(20062, 113, 8),
(20062, 114, 8),
(20062, 115, 6),
(20062, 116, 6),
(20062, 117, 8),
(20062, 118, 7),
(20062, 119, 7),
(20062, 120, 8),
(20063, 106, 6),
(20063, 107, 8),
(20063, 108, 6),
(20063, 109, 8),
(20063, 110, 9),
(20063, 111, 7),
(20063, 112, 8),
(20063, 113, 6),
(20063, 114, 7),
(20063, 115, 7),
(20063, 116, 9),
(20063, 117, 6),
(20063, 118, 8),
(20063, 119, 7),
(20063, 120, 5),
(20064, 106, 9),
(20064, 107, 9),
(20064, 108, 7),
(20064, 109, 8),
(20064, 110, 10),
(20064, 111, 6),
(20064, 112, 6),
(20064, 113, 7),
(20064, 114, 8),
(20064, 115, 9),
(20064, 116, 9),
(20064, 117, 9),
(20064, 118, 5),
(20064, 119, 9),
(20064, 120, 7),
(20065, 106, 5),
(20065, 107, 5),
(20065, 108, 6),
(20065, 109, 6),
(20065, 110, 5),
(20065, 111, 7),
(20065, 112, 6),
(20065, 113, 10),
(20065, 114, 9),
(20065, 115, 6),
(20065, 116, 9),
(20065, 117, 10),
(20065, 118, 7),
(20065, 119, 6),
(20065, 120, 7),
(20066, 106, 6),
(20066, 107, 5),
(20066, 108, 9),
(20066, 109, 10),
(20066, 110, 6),
(20066, 111, 7),
(20066, 112, 7),
(20066, 113, 6),
(20066, 114, 9),
(20066, 115, 10),
(20066, 116, 6),
(20066, 117, 5),
(20066, 118, 8),
(20066, 119, 7),
(20066, 120, 7),
(20067, 106, 10),
(20067, 107, 10),
(20067, 108, 9),
(20067, 109, 8),
(20067, 110, 8),
(20067, 111, 6),
(20067, 112, 6),
(20067, 113, 5),
(20067, 114, 5),
(20067, 115, 6),
(20067, 116, 9),
(20067, 117, 8),
(20067, 118, 10),
(20067, 119, 6),
(20067, 120, 6),
(20068, 106, 9),
(20068, 107, 9),
(20068, 108, 9),
(20068, 109, 8),
(20068, 110, 6),
(20068, 111, 7),
(20068, 112, 8),
(20068, 113, 10),
(20068, 114, 8),
(20068, 115, 8),
(20068, 116, 9),
(20068, 117, 10),
(20068, 118, 8),
(20068, 119, 10),
(20068, 120, 10),
(20069, 106, 5),
(20069, 107, 6),
(20069, 108, 6),
(20069, 109, 9),
(20069, 110, 9),
(20069, 111, 6),
(20069, 112, 10),
(20069, 113, 10),
(20069, 114, 6),
(20069, 115, 6),
(20069, 116, 5),
(20069, 117, 6),
(20069, 118, 7),
(20069, 119, 5),
(20069, 120, 8),
(20070, 106, 7),
(20070, 107, 6),
(20070, 108, 6),
(20070, 109, 7),
(20070, 110, 8),
(20070, 111, 6),
(20070, 112, 9),
(20070, 113, 6),
(20070, 114, 7),
(20070, 115, 6),
(20070, 116, 9),
(20070, 117, 5),
(20070, 118, 9),
(20070, 119, 10),
(20070, 120, 8);

-- --------------------------------------------------------

--
-- Estructura de tabla para la tabla `tbCampus`
--

DROP TABLE IF EXISTS `tbCampus`;
CREATE TABLE `tbCampus` (
  `idCampus` int(11) NOT NULL,
  `nombreCampus` varchar(30) DEFAULT NULL
) ENGINE=InnoDB DEFAULT CHARSET=utf8;

--
-- Volcado de datos para la tabla `tbCampus`
--

INSERT INTO `tbCampus` (`idCampus`, `nombreCampus`) VALUES
(1, 'Altamira'),
(2, 'Oriente');

-- --------------------------------------------------------

--
-- Estructura de tabla para la tabla `tbCarrera`
--

DROP TABLE IF EXISTS `tbCarrera`;
CREATE TABLE `tbCarrera` (
  `idCarrera` int(11) NOT NULL,
  `idCoordinacion` int(11) DEFAULT NULL,
  `nombreCarrera` varchar(30) DEFAULT NULL
) ENGINE=InnoDB DEFAULT CHARSET=utf8;

--
-- Volcado de datos para la tabla `tbCarrera`
--

INSERT INTO `tbCarrera` (`idCarrera`, `idCoordinacion`, `nombreCarrera`) VALUES
(101, 100, 'Administración'),
(201, 200, 'Ingenieria industrial'),
(202, 200, 'Ingenieria en TICS'),
(301, 300, 'Derecho'),
(302, 300, 'Ciencias forenses'),
(401, 400, 'Arquitectura'),
(402, 400, 'Diseño Grafico');

-- --------------------------------------------------------

--
-- Estructura de tabla para la tabla `tbCoordinacion`
--

DROP TABLE IF EXISTS `tbCoordinacion`;
CREATE TABLE `tbCoordinacion` (
  `idCoordinacion` int(11) NOT NULL,
  `nombreCoordinacion` varchar(30) DEFAULT NULL
) ENGINE=InnoDB DEFAULT CHARSET=utf8;

--
-- Volcado de datos para la tabla `tbCoordinacion`
--

INSERT INTO `tbCoordinacion` (`idCoordinacion`, `nombreCoordinacion`) VALUES
(100, 'Administracion'),
(200, 'Ingenierias'),
(300, 'Derecho'),
(400, 'Arquitectura');

-- --------------------------------------------------------

--
-- Estructura de tabla para la tabla `tbMateria`
--

DROP TABLE IF EXISTS `tbMateria`;
CREATE TABLE `tbMateria` (
  `idMateria` int(11) NOT NULL,
  `idCarrera` int(11) DEFAULT NULL,
  `nombreMateria` varchar(30) DEFAULT NULL,
  `credito` int(11) DEFAULT NULL,
  `etapa` varchar(12) DEFAULT NULL
) ENGINE=InnoDB DEFAULT CHARSET=utf8;

--
-- Volcado de datos para la tabla `tbMateria`
--

INSERT INTO `tbMateria` (`idMateria`, `idCarrera`, `nombreMateria`, `credito`, `etapa`) VALUES
(1, 101, 'Teoria del derecho', 6, 'Basica'),
(2, 101, 'Fundamentos teoricos', 6, 'Basica'),
(3, 101, 'Contabilidad I', 6, 'Basica'),
(4, 101, 'Estadistica', 6, 'Basica'),
(5, 101, 'Teoria economica', 6, 'Basica'),
(6, 101, 'Mercadotecnia aplicada', 6, 'Disciplinar'),
(7, 101, 'Finanzas I', 6, 'Disciplinar'),
(8, 101, 'Contabilidad II', 6, 'Disciplinar'),
(9, 101, 'Microeconomia', 6, 'Disciplinar'),
(10, 101, 'Produccion I', 6, 'Disciplinar'),
(11, 101, 'Control de procesos', 6, 'Profesional'),
(12, 101, 'Finanzas II', 6, 'Profesional'),
(13, 101, 'Contabilidad III', 6, 'Profesional'),
(14, 101, 'Macroeconomia', 6, 'Profesional'),
(15, 101, 'Produccion II', 6, 'Profesional'),
(31, 201, 'Algebra', 6, 'Basica'),
(32, 201, 'Quimica general', 6, 'Basica'),
(33, 201, 'Teoria economica', 6, 'Basica'),
(34, 201, 'Matematicas', 6, 'Basica'),
(35, 201, 'Quimica organica', 6, 'Basica'),
(36, 201, 'Calculo integral', 6, 'Disciplinar'),
(37, 201, 'Diseño mecanico', 6, 'Disciplinar'),
(38, 201, 'Electricidad industrial', 6, 'Disciplinar'),
(39, 201, 'Produccion', 6, 'Disciplinar'),
(40, 201, 'Manufactura', 6, 'Disciplinar'),
(41, 201, 'Administracion de proyectos', 6, 'Profesional'),
(42, 201, 'Mantenimiento industrial', 6, 'Profesional'),
(43, 201, 'Ingenieria economica', 6, 'Profesional'),
(44, 201, 'Control de procesos', 6, 'Profesional'),
(45, 201, 'Investigacion de operaciones', 6, 'Profesional'),
(46, 202, 'Algebra', 6, 'Basica'),
(47, 202, 'Circuitos electricos', 6, 'Basica'),
(48, 202, 'Matematicas', 6, 'Basica'),
(49, 202, 'Programacion I', 6, 'Basica'),
(50, 202, 'Microcontroladores', 6, 'Basica'),
(51, 202, 'Sistemas operativos', 6, 'Disciplinar'),
(52, 202, 'Diseño de base de datos', 6, 'Disciplinar'),
(53, 202, 'Calculo integral', 6, 'Disciplinar'),
(54, 202, 'Diseño web', 6, 'Disciplinar'),
(55, 202, 'Redes', 6, 'Disciplinar'),
(56, 202, 'Inteligencia artificial', 6, 'Profesional'),
(57, 202, 'Sistemas expertos', 6, 'Profesional'),
(58, 202, 'Telecomunicaciones', 6, 'Profesional'),
(59, 202, 'Tecnicas de negociacion', 6, 'Profesional'),
(60, 202, 'Administracion de redes', 6, 'Profesional'),
(61, 301, 'Algebra', 6, 'Basica'),
(62, 301, 'Quimica general', 6, 'Basica'),
(63, 301, 'Teoria economica', 6, 'Basica'),
(64, 301, 'Matematicas', 6, 'Basica'),
(65, 301, 'Quimica organica', 6, 'Basica'),
(66, 301, 'Calculo integral', 6, 'Disciplinar'),
(67, 301, 'Diseño mecanico', 6, 'Disciplinar'),
(68, 301, 'Electricidad industrial', 6, 'Disciplinar'),
(69, 301, 'Produccion', 6, 'Disciplinar'),
(70, 301, 'Manufactura', 6, 'Disciplinar'),
(71, 301, 'Administracion de proyectos', 6, 'Profesional'),
(72, 301, 'Mantenimiento industrial', 6, 'Profesional'),
(73, 301, 'Ingenieria economica', 6, 'Profesional'),
(74, 301, 'Control de procesos', 6, 'Profesional'),
(75, 301, 'Investigacion de operaciones', 6, 'Profesional'),
(76, 302, 'Teoria del derecho', 6, 'Basica'),
(77, 302, 'Teoria economica', 6, 'Basica'),
(78, 302, 'Derecho romano', 6, 'Basica'),
(79, 302, 'Derecho penal', 6, 'Basica'),
(80, 302, 'Teoria del estado', 6, 'Basica'),
(81, 302, 'Derecho mercantil', 6, 'Disciplinar'),
(82, 302, 'Derecho familiar', 6, 'Disciplinar'),
(83, 302, 'Derecho laboral', 6, 'Disciplinar'),
(84, 302, 'Derecho civil', 6, 'Disciplinar'),
(85, 302, 'Sociologia', 6, 'Disciplinar'),
(86, 302, 'Medicina legal', 6, 'Profesional'),
(87, 302, 'Derecho electoral', 6, 'Profesional'),
(88, 302, 'Filosofia del derecho', 6, 'Profesional'),
(89, 302, 'Derecho agrario', 6, 'Profesional'),
(90, 302, 'Derecho internacional', 6, 'Profesional'),
(91, 401, 'Dibujo arquitectonico', 6, 'Basica'),
(92, 401, 'Estatica', 6, 'Basica'),
(93, 401, 'Taller de maquetas', 6, 'Basica'),
(94, 401, 'Historia del arte', 6, 'Basica'),
(95, 401, 'Dibujo tridimensional', 6, 'Basica'),
(96, 401, 'Resistencia de materiales', 6, 'Disciplinar'),
(97, 401, 'Diseño espacial', 6, 'Disciplinar'),
(98, 401, 'Topografia', 6, 'Disciplinar'),
(99, 401, 'Digitalizacion arquitectonica', 6, 'Disciplinar'),
(100, 401, 'Estructuras en edificacion', 6, 'Disciplinar'),
(101, 401, 'Bioclima y diseño', 6, 'Profesional'),
(102, 401, 'Metodologia de proyectos', 6, 'Profesional'),
(103, 401, 'Taller de construccion', 6, 'Profesional'),
(104, 401, 'Proyectos', 6, 'Profesional'),
(105, 401, 'Expresion grafica', 6, 'Profesional'),
(106, 402, 'Anatomia de la creatividad', 6, 'Basica'),
(107, 402, 'Taller de bocetaje', 6, 'Basica'),
(108, 402, 'Fundamentos del dibujo', 6, 'Basica'),
(109, 402, 'Teoria tipografica', 6, 'Basica'),
(110, 402, 'Dibujo tridimensional', 6, 'Basica'),
(111, 402, 'Diseño grafico digital', 6, 'Disciplinar'),
(112, 402, 'Tecnicas ilustrativas', 6, 'Disciplinar'),
(113, 402, 'Serigrafia', 6, 'Disciplinar'),
(114, 402, 'Diseño señaletico', 6, 'Disciplinar'),
(115, 402, 'Ilustracion', 6, 'Profesional'),
(116, 402, 'Branding', 6, 'Profesional'),
(117, 402, 'Diseño de cartel', 6, 'Profesional'),
(118, 402, 'Sistema de impresion', 6, 'Profesional'),
(119, 402, 'Fotografia', 6, 'Profesional'),
(120, 402, 'Retrato', 6, 'Profesional');

-- --------------------------------------------------------

--
-- Estructura de tabla para la tabla `tbSeguimiento`
--

DROP TABLE IF EXISTS `tbSeguimiento`;
CREATE TABLE `tbSeguimiento` (
  `matricula` int(11) DEFAULT NULL,
  `idCarrera` int(11) DEFAULT NULL,
  `Reprobadas` int(11) DEFAULT NULL
) ENGINE=InnoDB DEFAULT CHARSET=utf8;

--
-- Volcado de datos para la tabla `tbSeguimiento`
--

INSERT INTO `tbSeguimiento` (`matricula`, `idCarrera`, `Reprobadas`) VALUES
(20001, 101, 6),
(20002, 101, 5),
(20003, 101, 6),
(20004, 101, 3),
(20005, 101, 6),
(20006, 101, 7),
(20007, 101, 3),
(20008, 101, 6),
(20009, 101, 5),
(20010, 101, 8),
(20011, 201, 7),
(20012, 201, 4),
(20013, 201, 3),
(20014, 201, 3),
(20015, 201, 3),
(20016, 201, 5),
(20017, 201, 4),
(20018, 201, 5),
(20019, 201, 4),
(20020, 201, 7),
(20021, 202, 4),
(20022, 202, 6),
(20023, 202, 2),
(20024, 202, 3),
(20025, 202, 7),
(20026, 202, 5),
(20027, 202, 2),
(20028, 202, 8),
(20029, 202, 3),
(20030, 202, 4),
(20031, 301, 5),
(20032, 301, 3),
(20033, 301, 7),
(20034, 301, 5),
(20035, 301, 4),
(20036, 301, 5),
(20037, 301, 3),
(20038, 301, 7),
(20039, 301, 5),
(20040, 301, 6),
(20041, 302, 5),
(20042, 302, 5),
(20043, 302, 5),
(20044, 302, 7),
(20045, 302, 5),
(20046, 302, 7),
(20047, 302, 4),
(20048, 302, 6),
(20049, 302, 7),
(20050, 302, 3),
(20051, 401, 7),
(20052, 401, 7),
(20053, 401, 6),
(20054, 401, 4),
(20055, 401, 3),
(20056, 401, 7),
(20057, 401, 5),
(20058, 401, 6),
(20059, 401, 7),
(20060, 401, 6),
(20061, 402, 4),
(20062, 402, 6),
(20063, 402, 5),
(20064, 402, 3),
(20065, 402, 8),
(20066, 402, 6),
(20067, 402, 7),
(20068, 402, 1),
(20069, 402, 9),
(20070, 402, 6);

--
-- Índices para tablas volcadas
--

--
-- Indices de la tabla `tbAlumno`
--
ALTER TABLE `tbAlumno`
  ADD PRIMARY KEY (`matricula`),
  ADD KEY `idCampus` (`idCampus`),
  ADD KEY `idCarrera` (`idCarrera`);

--
-- Indices de la tabla `tbCalificacion`
--
ALTER TABLE `tbCalificacion`
  ADD KEY `matricula` (`matricula`),
  ADD KEY `idMateria` (`idMateria`);

--
-- Indices de la tabla `tbCampus`
--
ALTER TABLE `tbCampus`
  ADD PRIMARY KEY (`idCampus`);

--
-- Indices de la tabla `tbCarrera`
--
ALTER TABLE `tbCarrera`
  ADD PRIMARY KEY (`idCarrera`),
  ADD KEY `idCoordinacion` (`idCoordinacion`);

--
-- Indices de la tabla `tbCoordinacion`
--
ALTER TABLE `tbCoordinacion`
  ADD PRIMARY KEY (`idCoordinacion`);

--
-- Indices de la tabla `tbMateria`
--
ALTER TABLE `tbMateria`
  ADD PRIMARY KEY (`idMateria`),
  ADD KEY `idCarrera` (`idCarrera`);

--
-- Indices de la tabla `tbSeguimiento`
--
ALTER TABLE `tbSeguimiento`
  ADD KEY `matricula` (`matricula`),
  ADD KEY `idCarrera` (`idCarrera`);

--
-- AUTO_INCREMENT de las tablas volcadas
--

--
-- AUTO_INCREMENT de la tabla `tbAlumno`
--
ALTER TABLE `tbAlumno`
  MODIFY `matricula` int(11) NOT NULL AUTO_INCREMENT, AUTO_INCREMENT=20084;

--
-- AUTO_INCREMENT de la tabla `tbCampus`
--
ALTER TABLE `tbCampus`
  MODIFY `idCampus` int(11) NOT NULL AUTO_INCREMENT, AUTO_INCREMENT=3;

--
-- AUTO_INCREMENT de la tabla `tbCarrera`
--
ALTER TABLE `tbCarrera`
  MODIFY `idCarrera` int(11) NOT NULL AUTO_INCREMENT, AUTO_INCREMENT=403;

--
-- AUTO_INCREMENT de la tabla `tbCoordinacion`
--
ALTER TABLE `tbCoordinacion`
  MODIFY `idCoordinacion` int(11) NOT NULL AUTO_INCREMENT, AUTO_INCREMENT=401;

--
-- AUTO_INCREMENT de la tabla `tbMateria`
--
ALTER TABLE `tbMateria`
  MODIFY `idMateria` int(11) NOT NULL AUTO_INCREMENT, AUTO_INCREMENT=121;

--
-- Restricciones para tablas volcadas
--

--
-- Filtros para la tabla `tbAlumno`
--
ALTER TABLE `tbAlumno`
  ADD CONSTRAINT `tbalumno_ibfk_1` FOREIGN KEY (`idCampus`) REFERENCES `tbCampus` (`idCampus`) ON DELETE CASCADE,
  ADD CONSTRAINT `tbalumno_ibfk_2` FOREIGN KEY (`idCarrera`) REFERENCES `tbCarrera` (`idCarrera`) ON DELETE CASCADE;

--
-- Filtros para la tabla `tbCalificacion`
--
ALTER TABLE `tbCalificacion`
  ADD CONSTRAINT `tbcalificacion_ibfk_1` FOREIGN KEY (`matricula`) REFERENCES `tbAlumno` (`matricula`) ON DELETE CASCADE,
  ADD CONSTRAINT `tbcalificacion_ibfk_2` FOREIGN KEY (`idMateria`) REFERENCES `tbMateria` (`idMateria`) ON DELETE CASCADE;

--
-- Filtros para la tabla `tbCarrera`
--
ALTER TABLE `tbCarrera`
  ADD CONSTRAINT `tbcarrera_ibfk_1` FOREIGN KEY (`idCoordinacion`) REFERENCES `tbCoordinacion` (`idCoordinacion`) ON DELETE CASCADE;

--
-- Filtros para la tabla `tbMateria`
--
ALTER TABLE `tbMateria`
  ADD CONSTRAINT `tbmateria_ibfk_1` FOREIGN KEY (`idCarrera`) REFERENCES `tbCarrera` (`idCarrera`) ON DELETE CASCADE;

--
-- Filtros para la tabla `tbSeguimiento`
--
ALTER TABLE `tbSeguimiento`
  ADD CONSTRAINT `tbseguimiento_ibfk_1` FOREIGN KEY (`matricula`) REFERENCES `tbAlumno` (`matricula`) ON DELETE CASCADE,
  ADD CONSTRAINT `tbseguimiento_ibfk_2` FOREIGN KEY (`idCarrera`) REFERENCES `tbCarrera` (`idCarrera`) ON DELETE CASCADE;
COMMIT;

/*!40101 SET CHARACTER_SET_CLIENT=@OLD_CHARACTER_SET_CLIENT */;
/*!40101 SET CHARACTER_SET_RESULTS=@OLD_CHARACTER_SET_RESULTS */;
/*!40101 SET COLLATION_CONNECTION=@OLD_COLLATION_CONNECTION */;
